-- MySQL dump 10.13  Distrib 5.1.69, for debian-linux-gnu (i486)
--
-- Host: localhost    Database: Dataworks_demo
-- ------------------------------------------------------
-- Server version	5.1.69-0ubuntu0.10.04.1

/*!40101 SET @OLD_CHARACTER_SET_CLIENT=@@CHARACTER_SET_CLIENT */;
/*!40101 SET @OLD_CHARACTER_SET_RESULTS=@@CHARACTER_SET_RESULTS */;
/*!40101 SET @OLD_COLLATION_CONNECTION=@@COLLATION_CONNECTION */;
/*!40101 SET NAMES utf8 */;
/*!40103 SET @OLD_TIME_ZONE=@@TIME_ZONE */;
/*!40103 SET TIME_ZONE='+00:00' */;
/*!40014 SET @OLD_UNIQUE_CHECKS=@@UNIQUE_CHECKS, UNIQUE_CHECKS=0 */;
/*!40014 SET @OLD_FOREIGN_KEY_CHECKS=@@FOREIGN_KEY_CHECKS, FOREIGN_KEY_CHECKS=0 */;
/*!40101 SET @OLD_SQL_MODE=@@SQL_MODE, SQL_MODE='NO_AUTO_VALUE_ON_ZERO' */;
/*!40111 SET @OLD_SQL_NOTES=@@SQL_NOTES, SQL_NOTES=0 */;

--
-- Current Database: `Dataworks_demo`
--

CREATE DATABASE /*!32312 IF NOT EXISTS*/ `Dataworks_demo` /*!40100 DEFAULT CHARACTER SET utf8 */;

USE `Dataworks_demo`;

--
-- Table structure for table `access`
--

DROP TABLE IF EXISTS `access`;
/*!40101 SET @saved_cs_client     = @@character_set_client */;
/*!40101 SET character_set_client = utf8 */;
CREATE TABLE `access` (
  `access_id` int(3) unsigned NOT NULL AUTO_INCREMENT,
  `access_description` varchar(80) NOT NULL,
  `embargo_duration_days` int(6) NOT NULL DEFAULT '0',
  PRIMARY KEY (`access_id`)
) ENGINE=InnoDB AUTO_INCREMENT=4 DEFAULT CHARSET=utf8;
/*!40101 SET character_set_client = @saved_cs_client */;

--
-- Dumping data for table `access`
--

LOCK TABLES `access` WRITE;
/*!40000 ALTER TABLE `access` DISABLE KEYS */;
INSERT INTO `access` VALUES (1,'no public access allowed',0),(2,'public access allowed for station metadata, instrument metadata, and data files',0),(3,'public access allowed for station and instrument metadata only',0);
/*!40000 ALTER TABLE `access` ENABLE KEYS */;
UNLOCK TABLES;

--
-- Table structure for table `agency`
--

DROP TABLE IF EXISTS `agency`;
/*!40101 SET @saved_cs_client     = @@character_set_client */;
/*!40101 SET character_set_client = utf8 */;
CREATE TABLE `agency` (
  `agency_id` int(4) unsigned NOT NULL AUTO_INCREMENT,
  `agency_name` varchar(100) NOT NULL,
  `agency_short_name` varchar(10) DEFAULT NULL,
  PRIMARY KEY (`agency_id`)
) ENGINE=InnoDB AUTO_INCREMENT=4 DEFAULT CHARSET=utf8;
/*!40101 SET character_set_client = @saved_cs_client */;

--
-- Dumping data for table `agency`
--

LOCK TABLES `agency` WRITE;
/*!40000 ALTER TABLE `agency` DISABLE KEYS */;
INSERT INTO `agency` VALUES (1,'my agency name','some short');
/*!40000 ALTER TABLE `agency` ENABLE KEYS */;
UNLOCK TABLES;

--
-- Table structure for table `antenna`
--

DROP TABLE IF EXISTS `antenna`;
/*!40101 SET @saved_cs_client     = @@character_set_client */;
/*!40101 SET character_set_client = utf8 */;
CREATE TABLE `antenna` (
  `antenna_id` int(3) unsigned NOT NULL AUTO_INCREMENT,
  `antenna_name` varchar(15) NOT NULL,
  `igs_defined` char(1) NOT NULL DEFAULT 'N',
  PRIMARY KEY (`antenna_id`)
) ENGINE=InnoDB AUTO_INCREMENT=14 DEFAULT CHARSET=utf8;
/*!40101 SET character_set_client = @saved_cs_client */;

--
-- Dumping data for table `antenna`
--

LOCK TABLES `antenna` WRITE;
/*!40000 ALTER TABLE `antenna` DISABLE KEYS */;
INSERT INTO `antenna` VALUES (1,'TRM57971.00','Y'),(2,'TRM59800.00','Y'),(3,'ASH701945B_M','Y'),(4,'TRM55971.00','Y'),(5,'TRM41249.00','N'),(6,'TRM22020.00+GP','N'),(7,'AOAD/M_T','N'),(8,'TRM14532.00','N'),(9,'ASH700936D_M','N'),(10,'TRM29659.00','N'),(11,'TRM22020.00-GP','N'),(12,'TRM59800.80','N'),(13,'TRM33429.00+GP','N');
/*!40000 ALTER TABLE `antenna` ENABLE KEYS */;
UNLOCK TABLES;

--
-- Table structure for table `country`
--

DROP TABLE IF EXISTS `country`;
/*!40101 SET @saved_cs_client     = @@character_set_client */;
/*!40101 SET character_set_client = utf8 */;
CREATE TABLE `country` (
  `country_id` int(3) unsigned NOT NULL AUTO_INCREMENT,
  `country_name` varchar(70) NOT NULL,
  PRIMARY KEY (`country_id`)
) ENGINE=InnoDB AUTO_INCREMENT=13 DEFAULT CHARSET=utf8;
/*!40101 SET character_set_client = @saved_cs_client */;

--
-- Dumping data for table `country`
--

LOCK TABLES `country` WRITE;
/*!40000 ALTER TABLE `country` DISABLE KEYS */;
INSERT INTO `country` VALUES (1,'Mexico');
/*!40000 ALTER TABLE `country` ENABLE KEYS */;
UNLOCK TABLES;

--
-- Table structure for table `datafile`
--

DROP TABLE IF EXISTS `datafile`;
/*!40101 SET @saved_cs_client     = @@character_set_client */;
/*!40101 SET character_set_client = utf8 */;
CREATE TABLE `datafile` (
  `datafile_id` int(9) unsigned NOT NULL AUTO_INCREMENT,
  `station_id` int(6) unsigned NOT NULL,
  `equip_config_id` int(6) unsigned DEFAULT NULL,
  `datafile_name` varchar(120) NOT NULL,
  `original_datafile_name` varchar(100) DEFAULT NULL,
  `datafile_type_id` int(3) unsigned NOT NULL,
  `sample_interval` float NOT NULL,
  `datafile_start_time` datetime NOT NULL,
  `datafile_stop_time` datetime NOT NULL,
  `year` year(4) NOT NULL,
  `day_of_year` int(3) NOT NULL,
  `published_time` datetime NOT NULL,
  `size_bytes` int(10) NOT NULL,
  `MD5` char(32) NOT NULL,
  `URL_path` varchar(120) NOT NULL,
  PRIMARY KEY (`datafile_id`),
  KEY `station_id_idx` (`station_id`),
  KEY `equip_config_id_idx` (`equip_config_id`),
  KEY `datafile_type_id_idx` (`datafile_type_id`),
  CONSTRAINT `datafile_type_id` FOREIGN KEY (`datafile_type_id`) REFERENCES `datafile_type` (`datafile_type_id`) ON DELETE NO ACTION ON UPDATE NO ACTION,
  CONSTRAINT `equip_config_id` FOREIGN KEY (`equip_config_id`) REFERENCES `equip_config` (`equip_config_id`) ON DELETE NO ACTION ON UPDATE NO ACTION,
  CONSTRAINT `station_id2` FOREIGN KEY (`station_id`) REFERENCES `station` (`station_id`) ON DELETE NO ACTION ON UPDATE NO ACTION
) ENGINE=InnoDB AUTO_INCREMENT=49624 DEFAULT CHARSET=utf8;
/*!40101 SET character_set_client = @saved_cs_client */;

--
-- Dumping data for table `datafile`
--

LOCK TABLES `datafile` WRITE;
/*!40000 ALTER TABLE `datafile` DISABLE KEYS */;
INSERT INTO `datafile` VALUES (8956,33,84,'cn240690.15d.Z','cn240690.15d.Z',2,0,'2015-03-10 00:00:00','2015-03-10 23:59:45',2015,69,'2015-03-11 00:00:00',680545,'85815ef531dab746bcdf4dfc1f19817b','ftp://tlalocnet.udg.mx/rinex/obs/2015/069/cn240690.15d.Z'),(8957,33,84,'cn240690.15n.Z','cn240690.15n.Z',3,0,'2015-03-10 00:00:00','2015-03-10 23:59:45',2015,69,'2015-03-11 00:00:00',34708,'994520bf5829601fb6859fda6782598b','ftp://tlalocnet.udg.mx/rinex/nav/2015/069/cn240690.15n.Z'),(8958,33,84,'cn240690.15m.Z','cn240690.15m.Z',6,0,'2015-03-10 00:00:00','2015-03-10 23:59:45',2015,69,'2015-03-11 00:00:00',18409,'88256fd3d46e5ead0db24e9962f62a1f','ftp://tlalocnet.udg.mx/rinex/met/2015/069/cn240690.15m.Z'),(8959,34,89,'cn250680.15d.Z','cn250680.15d.Z',2,0,'2015-03-09 00:00:00','2015-03-09 23:59:45',2015,68,'2015-03-10 00:00:00',698307,'8f20bc06af20d4399cb51dd2c7792211','ftp://tlalocnet.udg.mx/rinex/obs/2015/068/cn250680.15d.Z'),(8960,34,89,'cn250680.15n.Z','cn250680.15n.Z',3,0,'2015-03-09 00:00:00','2015-03-09 23:59:45',2015,68,'2015-03-10 00:00:00',35362,'4123e86e5624bebf4d0759023f07fe39','ftp://tlalocnet.udg.mx/rinex/nav/2015/068/cn250680.15n.Z'),(8961,34,89,'cn250680.15m.Z','cn250680.15m.Z',6,0,'2015-03-09 00:00:00','2015-03-09 23:59:45',2015,68,'2015-03-10 00:00:00',18061,'b90e5eb4a053b429c710e57d73a7f120','ftp://tlalocnet.udg.mx/rinex/met/2015/068/cn250680.15m.Z'),(9905,33,83,'cn241250.14d.Z','cn241250.14d.Z',2,0,'2014-05-05 00:00:00','2014-05-05 23:59:45',2014,125,'2014-06-09 00:00:00',668520,'b2c71ff87c7dc7921f679b6be9d0411c','ftp://tlalocnet.udg.mx/rinex/obs/2014/125/cn241250.14d.Z'),(9906,33,83,'cn241250.14n.Z','cn241250.14n.Z',3,0,'2014-05-05 00:00:00','2014-05-05 23:59:45',2014,125,'2014-06-09 00:00:00',34397,'a562863568487d414c4bee3c38322851','ftp://tlalocnet.udg.mx/rinex/nav/2014/125/cn241250.14n.Z'),(9907,33,83,'cn241250.14m.Z','cn241250.14m.Z',6,0,'2014-05-05 00:00:00','2014-05-05 23:59:45',2014,125,'2014-06-09 00:00:00',18121,'917f19f7a91a0ed9d437576575f21b72','ftp://tlalocnet.udg.mx/rinex/met/2014/125/cn241250.14m.Z'),(9908,33,83,'cn241240.14d.Z','cn241240.14d.Z',2,0,'2014-05-04 00:00:00','2014-05-04 23:59:45',2014,124,'2014-06-09 00:00:00',668792,'87cd5bc5a12d8c5b34d81d02856c6870','ftp://tlalocnet.udg.mx/rinex/obs/2014/124/cn241240.14d.Z'),(9909,33,83,'cn241240.14n.Z','cn241240.14n.Z',3,0,'2014-05-04 00:00:00','2014-05-04 23:59:45',2014,124,'2014-06-09 00:00:00',35148,'32986374fcb70ba35a37d1641fc7e4d1','ftp://tlalocnet.udg.mx/rinex/nav/2014/124/cn241240.14n.Z'),(9913,33,83,'cn241240.14m.Z','cn241240.14m.Z',6,0,'2014-05-04 00:00:00','2014-05-04 23:59:45',2014,124,'2014-06-09 00:00:00',18401,'5ea5a9c1e241f6be0f531e62240d3ea2','ftp://tlalocnet.udg.mx/rinex/met/2014/124/cn241240.14m.Z'),(9914,33,83,'cn241290.14d.Z','cn241290.14d.Z',2,0,'2014-05-09 00:00:00','2014-05-09 23:59:45',2014,129,'2014-06-09 00:00:00',669663,'35b68ec35f90796f5c958d5147e95b61','ftp://tlalocnet.udg.mx/rinex/obs/2014/129/cn241290.14d.Z'),(9915,33,83,'cn241290.14n.Z','cn241290.14n.Z',3,0,'2014-05-09 00:00:00','2014-05-09 23:59:45',2014,129,'2014-06-09 00:00:00',33315,'c11041388fa1831395f7ed413757d786','ftp://tlalocnet.udg.mx/rinex/nav/2014/129/cn241290.14n.Z'),(9916,33,83,'cn241290.14m.Z','cn241290.14m.Z',6,0,'2014-05-09 00:00:00','2014-05-09 23:59:45',2014,129,'2014-06-09 00:00:00',18238,'17c9f7e83f91a2aad3e130a9e5e663ca','ftp://tlalocnet.udg.mx/rinex/met/2014/129/cn241290.14m.Z'),(9917,33,83,'cn241230.14d.Z','cn241230.14d.Z',2,0,'2014-05-03 00:00:00','2014-05-03 23:59:45',2014,123,'2014-06-09 00:00:00',667042,'8d2e36d5a6bd5df3dc9e5147bc0ffd6a','ftp://tlalocnet.udg.mx/rinex/obs/2014/123/cn241230.14d.Z'),(9918,33,83,'cn241230.14n.Z','cn241230.14n.Z',3,0,'2014-05-03 00:00:00','2014-05-03 23:59:45',2014,123,'2014-06-09 00:00:00',33167,'802fc5dcc982b29be3f7803c718dac78','ftp://tlalocnet.udg.mx/rinex/nav/2014/123/cn241230.14n.Z'),(9919,33,83,'cn241230.14m.Z','cn241230.14m.Z',6,0,'2014-05-03 00:00:00','2014-05-03 23:59:45',2014,123,'2014-06-09 00:00:00',19064,'01c59da911ead7db953c0c1d2d201c90','ftp://tlalocnet.udg.mx/rinex/met/2014/123/cn241230.14m.Z'),(9920,33,83,'cn241380.14d.Z','cn241380.14d.Z',2,0,'2014-05-18 00:00:00','2014-05-18 23:59:45',2014,138,'2014-06-09 00:00:00',666015,'cbe0397afa16808992f5d77b94205368','ftp://tlalocnet.udg.mx/rinex/obs/2014/138/cn241380.14d.Z'),(9921,33,83,'cn241380.14n.Z','cn241380.14n.Z',3,0,'2014-05-18 00:00:00','2014-05-18 23:59:45',2014,138,'2014-06-09 00:00:00',33354,'55b4eefc4d7e8318ead6dd5e5857515b','ftp://tlalocnet.udg.mx/rinex/nav/2014/138/cn241380.14n.Z'),(9922,33,83,'cn241380.14m.Z','cn241380.14m.Z',6,0,'2014-05-18 00:00:00','2014-05-18 23:59:45',2014,138,'2014-06-09 00:00:00',18233,'3e887defccf5c687d4a173583c05d25f','ftp://tlalocnet.udg.mx/rinex/met/2014/138/cn241380.14m.Z'),(10448,33,83,'cn241310.14d.Z','cn241310.14d.Z',2,0,'2014-05-11 00:00:00','2014-05-11 23:59:45',2014,131,'2014-06-09 00:00:00',670354,'f5f321e300a5beac3d641b02beca5a87','ftp://tlalocnet.udg.mx/rinex/obs/2014/131/cn241310.14d.Z'),(10449,33,83,'cn241310.14n.Z','cn241310.14n.Z',3,0,'2014-05-11 00:00:00','2014-05-11 23:59:45',2014,131,'2014-06-09 00:00:00',33864,'1c9c56fedd2940298525dff3283f5c44','ftp://tlalocnet.udg.mx/rinex/nav/2014/131/cn241310.14n.Z'),(10450,33,83,'cn241310.14m.Z','cn241310.14m.Z',6,0,'2014-05-11 00:00:00','2014-05-11 23:59:45',2014,131,'2014-06-09 00:00:00',18374,'d5978641519d8d2d881ba224f98d93a6','ftp://tlalocnet.udg.mx/rinex/met/2014/131/cn241310.14m.Z'),(10451,33,83,'cn241260.14d.Z','cn241260.14d.Z',2,0,'2014-05-06 00:00:00','2014-05-06 23:59:45',2014,126,'2014-06-09 00:00:00',666652,'3a48951b8117daca4566aca3476cca21','ftp://tlalocnet.udg.mx/rinex/obs/2014/126/cn241260.14d.Z'),(10452,33,83,'cn241260.14n.Z','cn241260.14n.Z',3,0,'2014-05-06 00:00:00','2014-05-06 23:59:45',2014,126,'2014-06-09 00:00:00',33932,'31f1191a399c49b1c5602e7a08120bc6','ftp://tlalocnet.udg.mx/rinex/nav/2014/126/cn241260.14n.Z'),(10453,33,83,'cn241260.14m.Z','cn241260.14m.Z',6,0,'2014-05-06 00:00:00','2014-05-06 23:59:45',2014,126,'2014-06-09 00:00:00',18469,'b88645ff52f1cbc714be031ea40b5448','ftp://tlalocnet.udg.mx/rinex/met/2014/126/cn241260.14m.Z'),(10454,33,83,'cn241300.14d.Z','cn241300.14d.Z',2,0,'2014-05-10 00:00:00','2014-05-10 23:59:45',2014,130,'2014-06-09 00:00:00',668231,'c957acd4d977d28481284d19fca9be41','ftp://tlalocnet.udg.mx/rinex/obs/2014/130/cn241300.14d.Z'),(10455,33,83,'cn241300.14n.Z','cn241300.14n.Z',3,0,'2014-05-10 00:00:00','2014-05-10 23:59:45',2014,130,'2014-06-09 00:00:00',31254,'cac344da167485022ec72c0cfc2e4250','ftp://tlalocnet.udg.mx/rinex/nav/2014/130/cn241300.14n.Z'),(10456,33,83,'cn241300.14m.Z','cn241300.14m.Z',6,0,'2014-05-10 00:00:00','2014-05-10 23:59:45',2014,130,'2014-06-09 00:00:00',18404,'cbed0ad5feb2302ffa275159d98d42f6','ftp://tlalocnet.udg.mx/rinex/met/2014/130/cn241300.14m.Z'),(10457,33,83,'cn241220.14d.Z','cn241220.14d.Z',2,0,'2014-05-02 00:00:00','2014-05-02 23:59:45',2014,122,'2014-06-09 00:00:00',666975,'65a3337366485fc7e8e31d0022bdf0d7','ftp://tlalocnet.udg.mx/rinex/obs/2014/122/cn241220.14d.Z'),(10458,33,83,'cn241220.14n.Z','cn241220.14n.Z',3,0,'2014-05-02 00:00:00','2014-05-02 23:59:45',2014,122,'2014-06-09 00:00:00',35154,'387718b521a9324500963f887be20288','ftp://tlalocnet.udg.mx/rinex/nav/2014/122/cn241220.14n.Z'),(10459,33,83,'cn241220.14m.Z','cn241220.14m.Z',6,0,'2014-05-02 00:00:00','2014-05-02 23:59:45',2014,122,'2014-06-09 00:00:00',18565,'af25d16de33698017282b72288ec1481','ftp://tlalocnet.udg.mx/rinex/met/2014/122/cn241220.14m.Z'),(10460,33,83,'cn241210.14d.Z','cn241210.14d.Z',2,0,'2014-05-01 00:00:00','2014-05-01 23:59:45',2014,121,'2014-06-09 00:00:00',667956,'a44b5de2dd3caff6f37c37a344fa20ef','ftp://tlalocnet.udg.mx/rinex/obs/2014/121/cn241210.14d.Z'),(10461,33,83,'cn241210.14n.Z','cn241210.14n.Z',3,0,'2014-05-01 00:00:00','2014-05-01 23:59:45',2014,121,'2014-06-09 00:00:00',34228,'1e79433de742fc37a256bea82b6cb6a9','ftp://tlalocnet.udg.mx/rinex/nav/2014/121/cn241210.14n.Z'),(10462,33,83,'cn241210.14m.Z','cn241210.14m.Z',6,0,'2014-05-01 00:00:00','2014-05-01 23:59:45',2014,121,'2014-06-09 00:00:00',18269,'0fdbd2bc58aee6c592843083485adf62','ftp://tlalocnet.udg.mx/rinex/met/2014/121/cn241210.14m.Z'),(10466,33,83,'cn241330.14d.Z','cn241330.14d.Z',2,0,'2014-05-13 00:00:00','2014-05-13 23:59:45',2014,133,'2014-06-09 00:00:00',671186,'af72d67dd45c88a50429fdf045279b8f','ftp://tlalocnet.udg.mx/rinex/obs/2014/133/cn241330.14d.Z'),(10467,33,83,'cn241330.14n.Z','cn241330.14n.Z',3,0,'2014-05-13 00:00:00','2014-05-13 23:59:45',2014,133,'2014-06-09 00:00:00',33474,'a9a5fe0a100a8492a9c5dd8dc009d5b2','ftp://tlalocnet.udg.mx/rinex/nav/2014/133/cn241330.14n.Z'),(10468,33,83,'cn241330.14m.Z','cn241330.14m.Z',6,0,'2014-05-13 00:00:00','2014-05-13 23:59:45',2014,133,'2014-06-09 00:00:00',18338,'a9e12895e8a504db2c4ae2dd43ef5654','ftp://tlalocnet.udg.mx/rinex/met/2014/133/cn241330.14m.Z'),(10469,33,83,'cn241270.14d.Z','cn241270.14d.Z',2,0,'2014-05-07 00:00:00','2014-05-07 23:59:45',2014,127,'2014-06-09 00:00:00',668917,'043abb7e1b2fea54ece822b5d29781f8','ftp://tlalocnet.udg.mx/rinex/obs/2014/127/cn241270.14d.Z'),(10470,33,83,'cn241270.14n.Z','cn241270.14n.Z',3,0,'2014-05-07 00:00:00','2014-05-07 23:59:45',2014,127,'2014-06-09 00:00:00',33898,'241ce2108627dfd6e75cca33b7f1ee4c','ftp://tlalocnet.udg.mx/rinex/nav/2014/127/cn241270.14n.Z'),(10471,33,83,'cn241270.14m.Z','cn241270.14m.Z',6,0,'2014-05-07 00:00:00','2014-05-07 23:59:45',2014,127,'2014-06-09 00:00:00',18488,'7a0889ab4866d1edc44abdcd20f9577e','ftp://tlalocnet.udg.mx/rinex/met/2014/127/cn241270.14m.Z'),(10472,33,83,'cn241320.14d.Z','cn241320.14d.Z',2,0,'2014-05-12 00:00:00','2014-05-12 23:59:45',2014,132,'2014-06-09 00:00:00',669539,'189ba3572fe70f28961612fcc235436d','ftp://tlalocnet.udg.mx/rinex/obs/2014/132/cn241320.14d.Z'),(10473,33,83,'cn241320.14n.Z','cn241320.14n.Z',3,0,'2014-05-12 00:00:00','2014-05-12 23:59:45',2014,132,'2014-06-09 00:00:00',33532,'d6cf9a0310189fd38efee6d1298a0b0b','ftp://tlalocnet.udg.mx/rinex/nav/2014/132/cn241320.14n.Z'),(10474,33,83,'cn241280.14d.Z','cn241280.14d.Z',2,0,'2014-05-08 00:00:00','2014-05-08 23:59:45',2014,128,'2014-06-09 00:00:00',652953,'6a12634134b8b17f8d574d96e725badb','ftp://tlalocnet.udg.mx/rinex/obs/2014/128/cn241280.14d.Z'),(10475,33,83,'cn241280.14n.Z','cn241280.14n.Z',3,0,'2014-05-08 00:00:00','2014-05-08 23:59:45',2014,128,'2014-06-09 00:00:00',33579,'7e572c3c31bde90f82d66d77f5997982','ftp://tlalocnet.udg.mx/rinex/nav/2014/128/cn241280.14n.Z'),(10476,33,83,'cn241280.14m.Z','cn241280.14m.Z',6,0,'2014-05-08 00:00:00','2014-05-08 23:59:45',2014,128,'2014-06-09 00:00:00',18423,'978532886d5cd372561b39bbbfff941c','ftp://tlalocnet.udg.mx/rinex/met/2014/128/cn241280.14m.Z'),(10477,33,83,'cn241320.14m.Z','cn241320.14m.Z',6,0,'2014-05-12 00:00:00','2014-05-12 23:59:45',2014,132,'2014-06-09 00:00:00',18590,'dc8b61707c5dccc645436b5a1ad0c33f','ftp://tlalocnet.udg.mx/rinex/met/2014/132/cn241320.14m.Z'),(10478,33,83,'cn241370.14d.Z','cn241370.14d.Z',2,0,'2014-05-17 00:00:00','2014-05-17 23:59:45',2014,137,'2014-06-09 00:00:00',666969,'1f8d54f9eb80636a8180044e8d62c36b','ftp://tlalocnet.udg.mx/rinex/obs/2014/137/cn241370.14d.Z'),(10479,33,83,'cn241370.14n.Z','cn241370.14n.Z',3,0,'2014-05-17 00:00:00','2014-05-17 23:59:45',2014,137,'2014-06-09 00:00:00',31610,'f3e2b5872c009a49763bbe4daf66ca3f','ftp://tlalocnet.udg.mx/rinex/nav/2014/137/cn241370.14n.Z'),(10480,33,83,'cn241370.14m.Z','cn241370.14m.Z',6,0,'2014-05-17 00:00:00','2014-05-17 23:59:45',2014,137,'2014-06-09 00:00:00',18614,'326d90bb304f5f590d4bb5aea3345000','ftp://tlalocnet.udg.mx/rinex/met/2014/137/cn241370.14m.Z'),(10481,33,83,'cn241340.14d.Z','cn241340.14d.Z',2,0,'2014-05-14 00:00:00','2014-05-14 23:59:45',2014,134,'2014-06-09 00:00:00',668011,'2d5f1a0abc8a1bda5f8f30d66934b5cb','ftp://tlalocnet.udg.mx/rinex/obs/2014/134/cn241340.14d.Z'),(10482,33,83,'cn241340.14n.Z','cn241340.14n.Z',3,0,'2014-05-14 00:00:00','2014-05-14 23:59:45',2014,134,'2014-06-09 00:00:00',34327,'cac35b10f51b1da78074b72bc5245a76','ftp://tlalocnet.udg.mx/rinex/nav/2014/134/cn241340.14n.Z'),(10483,33,83,'cn241340.14m.Z','cn241340.14m.Z',6,0,'2014-05-14 00:00:00','2014-05-14 23:59:45',2014,134,'2014-06-09 00:00:00',18695,'01d5782925a0ecad9378acf530e42949','ftp://tlalocnet.udg.mx/rinex/met/2014/134/cn241340.14m.Z'),(10484,33,83,'cn241360.14d.Z','cn241360.14d.Z',2,0,'2014-05-16 00:00:00','2014-05-16 23:59:45',2014,136,'2014-06-09 00:00:00',667739,'1c24fadf76fa1020c969bc1c2f62fdb8','ftp://tlalocnet.udg.mx/rinex/obs/2014/136/cn241360.14d.Z'),(10485,33,83,'cn241360.14n.Z','cn241360.14n.Z',3,0,'2014-05-16 00:00:00','2014-05-16 23:59:45',2014,136,'2014-06-09 00:00:00',33585,'2e23c68b21ccdc3f5aa43580b94f5843','ftp://tlalocnet.udg.mx/rinex/nav/2014/136/cn241360.14n.Z'),(10486,33,83,'cn241360.14m.Z','cn241360.14m.Z',6,0,'2014-05-16 00:00:00','2014-05-16 23:59:45',2014,136,'2014-06-09 00:00:00',18003,'ef341830c01b4a44d917aa73cb26e929','ftp://tlalocnet.udg.mx/rinex/met/2014/136/cn241360.14m.Z'),(10487,33,83,'cn241350.14d.Z','cn241350.14d.Z',2,0,'2014-05-15 00:00:00','2014-05-15 23:59:45',2014,135,'2014-06-09 00:00:00',671035,'10693fae1bb1ee0f04f6e3a6ae125977','ftp://tlalocnet.udg.mx/rinex/obs/2014/135/cn241350.14d.Z'),(10488,33,83,'cn241350.14n.Z','cn241350.14n.Z',3,0,'2014-05-15 00:00:00','2014-05-15 23:59:45',2014,135,'2014-06-09 00:00:00',33975,'6e3571aee26652559891d2f0a6c498c1','ftp://tlalocnet.udg.mx/rinex/nav/2014/135/cn241350.14n.Z'),(10489,33,83,'cn241350.14m.Z','cn241350.14m.Z',6,0,'2014-05-15 00:00:00','2014-05-15 23:59:45',2014,135,'2014-06-09 00:00:00',18560,'8fc88d30662da92e6035ebda86cf7752','ftp://tlalocnet.udg.mx/rinex/met/2014/135/cn241350.14m.Z'),(10490,33,83,'cn241400.14d.Z','cn241400.14d.Z',2,0,'2014-05-20 00:00:00','2014-05-20 23:59:45',2014,140,'2014-06-09 00:00:00',649997,'15d25854b17deb4631bd59c0687ee5c2','ftp://tlalocnet.udg.mx/rinex/obs/2014/140/cn241400.14d.Z'),(10491,33,83,'cn241400.14n.Z','cn241400.14n.Z',3,0,'2014-05-20 00:00:00','2014-05-20 23:59:45',2014,140,'2014-06-09 00:00:00',32634,'a1c9b0cba63bf671345d855a66e8f5b0','ftp://tlalocnet.udg.mx/rinex/nav/2014/140/cn241400.14n.Z'),(10492,33,83,'cn241400.14m.Z','cn241400.14m.Z',6,0,'2014-05-20 00:00:00','2014-05-20 23:59:45',2014,140,'2014-06-09 00:00:00',18465,'ff5bab3545df3ab5298ec9b91af91065','ftp://tlalocnet.udg.mx/rinex/met/2014/140/cn241400.14m.Z'),(10493,33,83,'cn241390.14d.Z','cn241390.14d.Z',2,0,'2014-05-19 00:00:00','2014-05-19 23:59:45',2014,139,'2014-06-09 00:00:00',655935,'c71b523b333cadd4610b065a31fac4b3','ftp://tlalocnet.udg.mx/rinex/obs/2014/139/cn241390.14d.Z'),(10494,33,83,'cn241390.14n.Z','cn241390.14n.Z',3,0,'2014-05-19 00:00:00','2014-05-19 23:59:45',2014,139,'2014-06-09 00:00:00',33108,'d41db0cbcd7a4191119c4c0eaf6fb311','ftp://tlalocnet.udg.mx/rinex/nav/2014/139/cn241390.14n.Z'),(10495,33,83,'cn241390.14m.Z','cn241390.14m.Z',6,0,'2014-05-19 00:00:00','2014-05-19 23:59:45',2014,139,'2014-06-09 00:00:00',18320,'6f400a86ac86dcfc63b7163e451e5ef3','ftp://tlalocnet.udg.mx/rinex/met/2014/139/cn241390.14m.Z'),(10502,33,83,'cn241410.14d.Z','cn241410.14d.Z',2,0,'2014-05-21 00:00:00','2014-05-21 23:59:45',2014,141,'2014-06-09 00:00:00',646713,'290d2f8f4c3a5b9b7920c20ddd5a4861','ftp://tlalocnet.udg.mx/rinex/obs/2014/141/cn241410.14d.Z'),(10503,33,83,'cn241410.14n.Z','cn241410.14n.Z',3,0,'2014-05-21 00:00:00','2014-05-21 23:59:45',2014,141,'2014-06-09 00:00:00',33227,'1afb61101f1bec9862401acb610026eb','ftp://tlalocnet.udg.mx/rinex/nav/2014/141/cn241410.14n.Z'),(10504,33,83,'cn241410.14m.Z','cn241410.14m.Z',6,0,'2014-05-21 00:00:00','2014-05-21 23:59:45',2014,141,'2014-06-09 00:00:00',18444,'b5e10fd02dbd7a312a897b42dca1fa28','ftp://tlalocnet.udg.mx/rinex/met/2014/141/cn241410.14m.Z'),(11177,33,84,'cn240700.15d.Z','cn240700.15d.Z',2,0,'2015-03-11 00:00:00','2015-03-11 23:59:45',2015,70,'2015-03-12 00:00:00',682340,'741c7d1c9178d790e5ac1d5ae6cc9acd','ftp://tlalocnet.udg.mx/rinex/obs/2015/070/cn240700.15d.Z'),(11178,33,84,'cn240700.15n.Z','cn240700.15n.Z',3,0,'2015-03-11 00:00:00','2015-03-11 23:59:45',2015,70,'2015-03-12 00:00:00',34710,'13f893b582247c8d89a18cc199cfe22a','ftp://tlalocnet.udg.mx/rinex/nav/2015/070/cn240700.15n.Z'),(11179,33,84,'cn240700.15m.Z','cn240700.15m.Z',6,0,'2015-03-11 00:00:00','2015-03-11 23:59:45',2015,70,'2015-03-12 00:00:00',18238,'546a6eaba23ef612cf11ee0751cd32ef','ftp://tlalocnet.udg.mx/rinex/met/2015/070/cn240700.15m.Z'),(11417,34,88,'cn252760.14d.Z','cn252760.14d.Z',2,0,'2014-10-03 00:00:00','2014-10-03 23:59:45',2014,276,'2014-10-09 00:00:00',703029,'9abf9fff92a26f0f9ebb1c263cb943d4','ftp://tlalocnet.udg.mx/rinex/obs/2014/276/cn252760.14d.Z'),(11418,34,88,'cn252760.14n.Z','cn252760.14n.Z',3,0,'2014-10-03 00:00:00','2014-10-03 23:59:45',2014,276,'2014-10-09 00:00:00',35953,'5674cf0dec6fd76d9fe1df5bf4a9a39c','ftp://tlalocnet.udg.mx/rinex/nav/2014/276/cn252760.14n.Z'),(11419,34,88,'cn252760.14m.Z','cn252760.14m.Z',6,0,'2014-10-03 00:00:00','2014-10-03 23:59:45',2014,276,'2014-10-09 00:00:00',17935,'b77a053a30070290b8e4a6d2968e17cf','ftp://tlalocnet.udg.mx/rinex/met/2014/276/cn252760.14m.Z'),(11501,34,88,'cn252820.14d.Z','cn252820.14d.Z',2,0,'2014-10-09 00:00:00','2014-10-09 23:59:45',2014,282,'2014-10-10 00:00:00',709579,'ae8b6c72fece54b2338d66aef81e58c4','ftp://tlalocnet.udg.mx/rinex/obs/2014/282/cn252820.14d.Z'),(11502,34,88,'cn252820.14n.Z','cn252820.14n.Z',3,0,'2014-10-09 00:00:00','2014-10-09 23:59:45',2014,282,'2014-10-10 00:00:00',36039,'e98dc0a323c17bcfae907999e1c2ef3d','ftp://tlalocnet.udg.mx/rinex/nav/2014/282/cn252820.14n.Z'),(11503,34,88,'cn252820.14m.Z','cn252820.14m.Z',6,0,'2014-10-09 00:00:00','2014-10-09 23:59:45',2014,282,'2014-10-10 00:00:00',17779,'26431843f770650aeccd24ac789732ca','ftp://tlalocnet.udg.mx/rinex/met/2014/282/cn252820.14m.Z'),(11549,34,88,'cn252810.14d.Z','cn252810.14d.Z',2,0,'2014-10-08 00:00:00','2014-10-08 23:59:45',2014,281,'2014-10-09 00:00:00',709815,'d7c7f80e4e61439ff9d0a062a9baf2e4','ftp://tlalocnet.udg.mx/rinex/obs/2014/281/cn252810.14d.Z'),(11550,34,88,'cn252810.14n.Z','cn252810.14n.Z',3,0,'2014-10-08 00:00:00','2014-10-08 23:59:45',2014,281,'2014-10-09 00:00:00',35525,'8683a95501795d4fc42801f108c1800c','ftp://tlalocnet.udg.mx/rinex/nav/2014/281/cn252810.14n.Z'),(11551,34,88,'cn252810.14m.Z','cn252810.14m.Z',6,0,'2014-10-08 00:00:00','2014-10-08 23:59:45',2014,281,'2014-10-09 00:00:00',17764,'de733f126d22164877360c4857e933a2','ftp://tlalocnet.udg.mx/rinex/met/2014/281/cn252810.14m.Z'),(11555,34,88,'cn252790.14d.Z','cn252790.14d.Z',2,0,'2014-10-06 00:00:00','2014-10-06 23:59:45',2014,279,'2014-10-09 00:00:00',706342,'85b8e5544cc732ed8981cf4daebf6297','ftp://tlalocnet.udg.mx/rinex/obs/2014/279/cn252790.14d.Z'),(11556,34,88,'cn252790.14n.Z','cn252790.14n.Z',3,0,'2014-10-06 00:00:00','2014-10-06 23:59:45',2014,279,'2014-10-09 00:00:00',35263,'e153abcfa5771ddff0d770a3238ab920','ftp://tlalocnet.udg.mx/rinex/nav/2014/279/cn252790.14n.Z'),(11557,34,88,'cn252790.14m.Z','cn252790.14m.Z',6,0,'2014-10-06 00:00:00','2014-10-06 23:59:45',2014,279,'2014-10-09 00:00:00',18310,'2c4e073adff43e149f279def41671c9a','ftp://tlalocnet.udg.mx/rinex/met/2014/279/cn252790.14m.Z'),(11597,34,88,'cn252800.14d.Z','cn252800.14d.Z',2,0,'2014-10-07 00:00:00','2014-10-07 23:59:45',2014,280,'2014-10-09 00:00:00',708627,'d22dc717927275091c72d617b23d1286','ftp://tlalocnet.udg.mx/rinex/obs/2014/280/cn252800.14d.Z'),(11599,34,88,'cn252800.14n.Z','cn252800.14n.Z',3,0,'2014-10-07 00:00:00','2014-10-07 23:59:45',2014,280,'2014-10-09 00:00:00',35381,'6653c77a8cbe0c195a7dba6a0eed577f','ftp://tlalocnet.udg.mx/rinex/nav/2014/280/cn252800.14n.Z'),(11601,34,88,'cn252800.14m.Z','cn252800.14m.Z',6,0,'2014-10-07 00:00:00','2014-10-07 23:59:45',2014,280,'2014-10-09 00:00:00',18336,'7fa46e017c1efd8dd952b8e36b4dd678','ftp://tlalocnet.udg.mx/rinex/met/2014/280/cn252800.14m.Z'),(11684,34,88,'cn252750.14d.Z','cn252750.14d.Z',2,0,'2014-10-02 00:00:00','2014-10-02 23:59:45',2014,275,'2014-10-09 00:00:00',695568,'364bb8e6e3266d4781d0d0c11a43e8eb','ftp://tlalocnet.udg.mx/rinex/obs/2014/275/cn252750.14d.Z'),(11685,34,88,'cn252750.14n.Z','cn252750.14n.Z',3,0,'2014-10-02 00:00:00','2014-10-02 23:59:45',2014,275,'2014-10-09 00:00:00',35822,'a1ab991688b7ab50ae6bed5823edfef0','ftp://tlalocnet.udg.mx/rinex/nav/2014/275/cn252750.14n.Z'),(11686,34,88,'cn252750.14m.Z','cn252750.14m.Z',6,0,'2014-10-02 00:00:00','2014-10-02 23:59:45',2014,275,'2014-10-09 00:00:00',18238,'c3a9d99cb4d89f943c31490ebfacc98b','ftp://tlalocnet.udg.mx/rinex/met/2014/275/cn252750.14m.Z'),(11863,34,88,'cn252770.14d.Z','cn252770.14d.Z',2,0,'2014-10-04 00:00:00','2014-10-04 23:59:45',2014,277,'2014-10-09 00:00:00',705238,'fa766200ad81f95c5f8cb009446675f9','ftp://tlalocnet.udg.mx/rinex/obs/2014/277/cn252770.14d.Z'),(11864,34,88,'cn252770.14n.Z','cn252770.14n.Z',3,0,'2014-10-04 00:00:00','2014-10-04 23:59:45',2014,277,'2014-10-09 00:00:00',34267,'411d32aab30fb9e4d04c4ddeaee9d233','ftp://tlalocnet.udg.mx/rinex/nav/2014/277/cn252770.14n.Z'),(11865,34,88,'cn252770.14m.Z','cn252770.14m.Z',6,0,'2014-10-04 00:00:00','2014-10-04 23:59:45',2014,277,'2014-10-09 00:00:00',18112,'f13f3d5df2d91c974079c48894a47f5d','ftp://tlalocnet.udg.mx/rinex/met/2014/277/cn252770.14m.Z'),(11866,34,88,'cn252740.14d.Z','cn252740.14d.Z',2,0,'2014-10-01 00:00:00','2014-10-01 23:59:45',2014,274,'2014-10-09 00:00:00',696777,'53b2ebc0eb71102d7b7e439ae91ffa41','ftp://tlalocnet.udg.mx/rinex/obs/2014/274/cn252740.14d.Z'),(11867,34,88,'cn252740.14n.Z','cn252740.14n.Z',3,0,'2014-10-01 00:00:00','2014-10-01 23:59:45',2014,274,'2014-10-09 00:00:00',35904,'e9a455142882ff6743e1e27fe3d6b242','ftp://tlalocnet.udg.mx/rinex/nav/2014/274/cn252740.14n.Z'),(11868,34,88,'cn252780.14d.Z','cn252780.14d.Z',2,0,'2014-10-05 00:00:00','2014-10-05 23:59:45',2014,278,'2014-10-09 00:00:00',705884,'508b85a016d463f197fe6e9991cb3262','ftp://tlalocnet.udg.mx/rinex/obs/2014/278/cn252780.14d.Z'),(11869,34,88,'cn252740.14m.Z','cn252740.14m.Z',6,0,'2014-10-01 00:00:00','2014-10-01 23:59:45',2014,274,'2014-10-09 00:00:00',18525,'d34f7cfdaa725d29e07001c1b1c76e20','ftp://tlalocnet.udg.mx/rinex/met/2014/274/cn252740.14m.Z'),(11870,34,88,'cn252780.14n.Z','cn252780.14n.Z',3,0,'2014-10-05 00:00:00','2014-10-05 23:59:45',2014,278,'2014-10-09 00:00:00',35285,'6e56128c412a9392c060a89a5f63af62','ftp://tlalocnet.udg.mx/rinex/nav/2014/278/cn252780.14n.Z'),(11871,34,88,'cn252780.14m.Z','cn252780.14m.Z',6,0,'2014-10-05 00:00:00','2014-10-05 23:59:45',2014,278,'2014-10-09 00:00:00',18147,'dddd69a216f9f2a2a41ec659e18557d2','ftp://tlalocnet.udg.mx/rinex/met/2014/278/cn252780.14m.Z'),(11966,34,88,'cn252830.14d.Z','cn252830.14d.Z',2,0,'2014-10-10 00:00:00','2014-10-10 23:59:45',2014,283,'2014-10-14 00:00:00',709746,'8b6e412811bca6da1ed1affdb424e9cb','ftp://tlalocnet.udg.mx/rinex/obs/2014/283/cn252830.14d.Z'),(11967,34,88,'cn252830.14n.Z','cn252830.14n.Z',3,0,'2014-10-10 00:00:00','2014-10-10 23:59:45',2014,283,'2014-10-14 00:00:00',35417,'523faaff392c50e588c0581f97dc22b8','ftp://tlalocnet.udg.mx/rinex/nav/2014/283/cn252830.14n.Z'),(11968,34,88,'cn252830.14m.Z','cn252830.14m.Z',6,0,'2014-10-10 00:00:00','2014-10-10 23:59:45',2014,283,'2014-10-14 00:00:00',17786,'da10e39daaa3992495ff7c5ceea48260','ftp://tlalocnet.udg.mx/rinex/met/2014/283/cn252830.14m.Z'),(33655,33,84,'cn240710.15d.Z','cn240710.15d.Z',2,0,'2015-03-12 00:00:00','2015-03-12 23:59:45',2015,71,'2015-03-13 00:00:00',667525,'90595469627af5b3fb1817007cd9035d','ftp://tlalocnet.udg.mx/rinex/obs/2015/071/cn240710.15d.Z'),(33656,33,84,'cn240710.15n.Z','cn240710.15n.Z',3,0,'2015-03-12 00:00:00','2015-03-12 23:59:45',2015,71,'2015-03-13 00:00:00',33776,'b72ebf0345ab7c10ce9474b11646b546','ftp://tlalocnet.udg.mx/rinex/nav/2015/071/cn240710.15n.Z'),(33657,33,84,'cn240710.15m.Z','cn240710.15m.Z',6,0,'2015-03-12 00:00:00','2015-03-12 23:59:45',2015,71,'2015-03-13 00:00:00',18436,'567ba9560bd2c1147d5530c81bdb6235','ftp://tlalocnet.udg.mx/rinex/met/2015/071/cn240710.15m.Z'),(33707,33,84,'cn240720.15d.Z','cn240720.15d.Z',2,0,'2015-03-13 00:00:00','2015-03-13 23:59:45',2015,72,'2015-03-14 00:00:00',675313,'496a0731e97570300839d77da9209d72','ftp://tlalocnet.udg.mx/rinex/obs/2015/072/cn240720.15d.Z'),(33708,33,84,'cn240720.15n.Z','cn240720.15n.Z',3,0,'2015-03-13 00:00:00','2015-03-13 23:59:45',2015,72,'2015-03-14 00:00:00',33990,'04c3377d81ff19aa90549a36e2d66371','ftp://tlalocnet.udg.mx/rinex/nav/2015/072/cn240720.15n.Z'),(33709,33,84,'cn240720.15m.Z','cn240720.15m.Z',6,0,'2015-03-13 00:00:00','2015-03-13 23:59:45',2015,72,'2015-03-14 00:00:00',18635,'ac8dc0aba7b40a2a4a5c7d2422d12b7a','ftp://tlalocnet.udg.mx/rinex/met/2015/072/cn240720.15m.Z'),(33753,33,84,'cn240730.15d.Z','cn240730.15d.Z',2,0,'2015-03-14 00:00:00','2015-03-14 23:59:45',2015,73,'2015-03-15 00:00:00',675061,'c10f0871f4a981a4547906649e9d9c33','ftp://tlalocnet.udg.mx/rinex/obs/2015/073/cn240730.15d.Z'),(33754,33,84,'cn240730.15n.Z','cn240730.15n.Z',3,0,'2015-03-14 00:00:00','2015-03-14 23:59:45',2015,73,'2015-03-15 00:00:00',32156,'b74e4846b4d7bab5957c71deaab93082','ftp://tlalocnet.udg.mx/rinex/nav/2015/073/cn240730.15n.Z'),(33755,33,84,'cn240730.15m.Z','cn240730.15m.Z',6,0,'2015-03-14 00:00:00','2015-03-14 23:59:45',2015,73,'2015-03-15 00:00:00',18562,'155de9523c681829b8f385fa46cd109a','ftp://tlalocnet.udg.mx/rinex/met/2015/073/cn240730.15m.Z'),(33799,33,84,'cn240740.15d.Z','cn240740.15d.Z',2,0,'2015-03-15 00:00:00','2015-03-15 23:59:45',2015,74,'2015-03-16 00:00:00',677742,'ae58be6fe4f4ab29e4f8177c5ec0b410','ftp://tlalocnet.udg.mx/rinex/obs/2015/074/cn240740.15d.Z'),(33800,33,84,'cn240740.15n.Z','cn240740.15n.Z',3,0,'2015-03-15 00:00:00','2015-03-15 23:59:45',2015,74,'2015-03-16 00:00:00',35392,'e32c37060f239ec362f9daba3ba8effc','ftp://tlalocnet.udg.mx/rinex/nav/2015/074/cn240740.15n.Z'),(33801,33,84,'cn240740.15m.Z','cn240740.15m.Z',6,0,'2015-03-15 00:00:00','2015-03-15 23:59:45',2015,74,'2015-03-16 00:00:00',18397,'d578dcabd761d352f6d46d077e438751','ftp://tlalocnet.udg.mx/rinex/met/2015/074/cn240740.15m.Z'),(33857,33,84,'cn240750.15d.Z','cn240750.15d.Z',2,0,'2015-03-16 00:00:00','2015-03-16 23:59:45',2015,75,'2015-03-17 00:00:00',679139,'cbd0a6d7239a70c0f1147a745e6e5fe0','ftp://tlalocnet.udg.mx/rinex/obs/2015/075/cn240750.15d.Z'),(33858,33,84,'cn240750.15n.Z','cn240750.15n.Z',3,0,'2015-03-16 00:00:00','2015-03-16 23:59:45',2015,75,'2015-03-17 00:00:00',35315,'18e2aecea463bdbad60a9deb8040d345','ftp://tlalocnet.udg.mx/rinex/nav/2015/075/cn240750.15n.Z'),(33859,33,84,'cn240750.15m.Z','cn240750.15m.Z',6,0,'2015-03-16 00:00:00','2015-03-16 23:59:45',2015,75,'2015-03-17 00:00:00',18660,'b49c440e5f2e8977ba9911b6f1429061','ftp://tlalocnet.udg.mx/rinex/met/2015/075/cn240750.15m.Z'),(33903,33,84,'cn240760.15d.Z','cn240760.15d.Z',2,0,'2015-03-17 00:00:00','2015-03-17 23:59:45',2015,76,'2015-03-18 00:00:00',674745,'fbbed0c91b58ef924fb0003eedf21e07','ftp://tlalocnet.udg.mx/rinex/obs/2015/076/cn240760.15d.Z'),(33904,33,84,'cn240760.15n.Z','cn240760.15n.Z',3,0,'2015-03-17 00:00:00','2015-03-17 23:59:45',2015,76,'2015-03-18 00:00:00',35512,'90428d0e44167e1fd5fa1af2212b31a4','ftp://tlalocnet.udg.mx/rinex/nav/2015/076/cn240760.15n.Z'),(33905,33,84,'cn240760.15m.Z','cn240760.15m.Z',6,0,'2015-03-17 00:00:00','2015-03-17 23:59:45',2015,76,'2015-03-18 00:00:00',18535,'0f3d266c5f4f63619e58b445072ed11e','ftp://tlalocnet.udg.mx/rinex/met/2015/076/cn240760.15m.Z'),(33906,34,89,'cn250740.15d.Z','cn250740.15d.Z',2,0,'2015-03-15 00:00:00','2015-03-15 23:59:45',2015,74,'2015-03-18 00:00:00',700267,'65f0c0a47a03f8e14292f8246fa0cb09','ftp://tlalocnet.udg.mx/rinex/obs/2015/074/cn250740.15d.Z'),(33907,34,89,'cn250740.15n.Z','cn250740.15n.Z',3,0,'2015-03-15 00:00:00','2015-03-15 23:59:45',2015,74,'2015-03-18 00:00:00',35289,'f4f367a3268682c108ba59758e685273','ftp://tlalocnet.udg.mx/rinex/nav/2015/074/cn250740.15n.Z'),(33908,34,89,'cn250740.15m.Z','cn250740.15m.Z',6,0,'2015-03-15 00:00:00','2015-03-15 23:59:45',2015,74,'2015-03-18 00:00:00',17923,'f7fcb5b1b29ebe11faa37eb232be7946','ftp://tlalocnet.udg.mx/rinex/met/2015/074/cn250740.15m.Z'),(33909,34,89,'cn250750.15d.Z','cn250750.15d.Z',2,0,'2015-03-16 00:00:00','2015-03-16 23:59:45',2015,75,'2015-03-18 00:00:00',699823,'47b63b4fd94cdc376500e66dc3ad77a6','ftp://tlalocnet.udg.mx/rinex/obs/2015/075/cn250750.15d.Z'),(33910,34,89,'cn250750.15n.Z','cn250750.15n.Z',3,0,'2015-03-16 00:00:00','2015-03-16 23:59:45',2015,75,'2015-03-18 00:00:00',35227,'f0572690899b074a5ba4f9d0d71643b9','ftp://tlalocnet.udg.mx/rinex/nav/2015/075/cn250750.15n.Z'),(33911,34,89,'cn250760.15d.Z','cn250760.15d.Z',2,0,'2015-03-17 00:00:00','2015-03-17 23:59:45',2015,76,'2015-03-18 00:00:00',693360,'40ec1cc13e7cdbc56193af0dbb1cc53a','ftp://tlalocnet.udg.mx/rinex/obs/2015/076/cn250760.15d.Z'),(33912,34,89,'cn250750.15m.Z','cn250750.15m.Z',6,0,'2015-03-16 00:00:00','2015-03-16 23:59:45',2015,75,'2015-03-18 00:00:00',17774,'ff16eb641158d6caaf8d628a10d9d8c3','ftp://tlalocnet.udg.mx/rinex/met/2015/075/cn250750.15m.Z'),(33913,34,89,'cn250760.15n.Z','cn250760.15n.Z',3,0,'2015-03-17 00:00:00','2015-03-17 23:59:45',2015,76,'2015-03-18 00:00:00',34320,'448db22e280c96982230da812d063671','ftp://tlalocnet.udg.mx/rinex/nav/2015/076/cn250760.15n.Z'),(33914,34,89,'cn250760.15m.Z','cn250760.15m.Z',6,0,'2015-03-17 00:00:00','2015-03-17 23:59:45',2015,76,'2015-03-18 00:00:00',18150,'d21ce248d38117952f58f92b9debdb5c','ftp://tlalocnet.udg.mx/rinex/met/2015/076/cn250760.15m.Z'),(33915,34,89,'cn250730.15d.Z','cn250730.15d.Z',2,0,'2015-03-14 00:00:00','2015-03-14 23:59:45',2015,73,'2015-03-18 00:00:00',694927,'e25b3804aba00c8af50f7fb89a9cc137','ftp://tlalocnet.udg.mx/rinex/obs/2015/073/cn250730.15d.Z'),(33916,34,89,'cn250730.15n.Z','cn250730.15n.Z',3,0,'2015-03-14 00:00:00','2015-03-14 23:59:45',2015,73,'2015-03-18 00:00:00',32655,'69c94ea7dafb9a5bda3b827d953a6cb8','ftp://tlalocnet.udg.mx/rinex/nav/2015/073/cn250730.15n.Z'),(33917,34,89,'cn250730.15m.Z','cn250730.15m.Z',6,0,'2015-03-14 00:00:00','2015-03-14 23:59:45',2015,73,'2015-03-18 00:00:00',17547,'7e2652742ff889aa377d699ed2cd03eb','ftp://tlalocnet.udg.mx/rinex/met/2015/073/cn250730.15m.Z'),(48103,33,84,'cn240770.15d.Z','cn240770.15d.Z',2,0,'2015-03-18 00:00:00','2015-03-18 23:59:45',2015,77,'2015-03-19 00:00:00',679921,'a7e619c718cf299b49f4c4c7926c2f27','ftp://tlalocnet.udg.mx/rinex/obs/2015/077/cn240770.15d.Z'),(48104,33,84,'cn240770.15n.Z','cn240770.15n.Z',3,0,'2015-03-18 00:00:00','2015-03-18 23:59:45',2015,77,'2015-03-19 00:00:00',36108,'28e194563a94db27a547457d3da40488','ftp://tlalocnet.udg.mx/rinex/nav/2015/077/cn240770.15n.Z'),(48105,33,84,'cn240770.15m.Z','cn240770.15m.Z',6,0,'2015-03-18 00:00:00','2015-03-18 23:59:45',2015,77,'2015-03-19 00:00:00',18747,'660828f902c294b929aad1ce41dcffd8','ftp://tlalocnet.udg.mx/rinex/met/2015/077/cn240770.15m.Z'),(48106,34,89,'cn250770.15d.Z','cn250770.15d.Z',2,0,'2015-03-18 00:00:00','2015-03-18 23:59:45',2015,77,'2015-03-19 00:00:00',693620,'927eda017199c2c70dc6b1eef58b3973','ftp://tlalocnet.udg.mx/rinex/obs/2015/077/cn250770.15d.Z'),(48107,34,89,'cn250770.15n.Z','cn250770.15n.Z',3,0,'2015-03-18 00:00:00','2015-03-18 23:59:45',2015,77,'2015-03-19 00:00:00',35298,'e1f732d0b1a4f4f7450dfdd8d69d12f9','ftp://tlalocnet.udg.mx/rinex/nav/2015/077/cn250770.15n.Z'),(48108,34,89,'cn250770.15m.Z','cn250770.15m.Z',6,0,'2015-03-18 00:00:00','2015-03-18 23:59:45',2015,77,'2015-03-19 00:00:00',18178,'e0e2a0749b563b979a1ab2434fb61855','ftp://tlalocnet.udg.mx/rinex/met/2015/077/cn250770.15m.Z'),(49435,33,84,'cn240780.15d.Z','cn240780.15d.Z',2,0,'2015-03-19 00:00:00','2015-03-19 23:59:45',2015,78,'2015-03-20 00:00:00',673831,'5a6414b9a39906bc38188b608ac4c96c','ftp://tlalocnet.udg.mx/rinex/obs/2015/078/cn240780.15d.Z'),(49436,33,84,'cn240780.15n.Z','cn240780.15n.Z',3,0,'2015-03-19 00:00:00','2015-03-19 23:59:45',2015,78,'2015-03-20 00:00:00',35477,'cb1dab5e27e34a2fa9f74d81c5ea8db5','ftp://tlalocnet.udg.mx/rinex/nav/2015/078/cn240780.15n.Z'),(49437,33,84,'cn240780.15m.Z','cn240780.15m.Z',6,0,'2015-03-19 00:00:00','2015-03-19 23:59:45',2015,78,'2015-03-20 00:00:00',18831,'d4cdd803aa1578878353298e428ebff8','ftp://tlalocnet.udg.mx/rinex/met/2015/078/cn240780.15m.Z'),(49438,34,89,'cn250780.15d.Z','cn250780.15d.Z',2,0,'2015-03-19 00:00:00','2015-03-19 23:59:45',2015,78,'2015-03-20 00:00:00',689484,'7f4308113debf108ef0a258dd4e4bb95','ftp://tlalocnet.udg.mx/rinex/obs/2015/078/cn250780.15d.Z'),(49439,34,89,'cn250780.15n.Z','cn250780.15n.Z',3,0,'2015-03-19 00:00:00','2015-03-19 23:59:45',2015,78,'2015-03-20 00:00:00',34948,'e7832c203dedcfc0a1f197bc1c853503','ftp://tlalocnet.udg.mx/rinex/nav/2015/078/cn250780.15n.Z'),(49440,34,89,'cn250780.15m.Z','cn250780.15m.Z',6,0,'2015-03-19 00:00:00','2015-03-19 23:59:45',2015,78,'2015-03-20 00:00:00',18318,'55e9a6992dc5c062252f115c9d7d2ad7','ftp://tlalocnet.udg.mx/rinex/met/2015/078/cn250780.15m.Z'),(49481,33,84,'cn240790.15d.Z','cn240790.15d.Z',2,0,'2015-03-20 00:00:00','2015-03-20 23:59:45',2015,79,'2015-03-21 00:00:00',675357,'d3f62bad947e0f142b2acaa8d1006fba','ftp://tlalocnet.udg.mx/rinex/obs/2015/079/cn240790.15d.Z'),(49482,33,84,'cn240790.15n.Z','cn240790.15n.Z',3,0,'2015-03-20 00:00:00','2015-03-20 23:59:45',2015,79,'2015-03-21 00:00:00',34965,'a0758425ceeed806cefb4ef9c8476aa1','ftp://tlalocnet.udg.mx/rinex/nav/2015/079/cn240790.15n.Z'),(49483,33,84,'cn240790.15m.Z','cn240790.15m.Z',6,0,'2015-03-20 00:00:00','2015-03-20 23:59:45',2015,79,'2015-03-21 00:00:00',18546,'e48c93521ba4bd342436ec789b80f7fb','ftp://tlalocnet.udg.mx/rinex/met/2015/079/cn240790.15m.Z'),(49521,33,84,'cn240800.15d.Z','cn240800.15d.Z',2,0,'2015-03-21 00:00:00','2015-03-21 23:59:45',2015,80,'2015-03-22 00:00:00',678401,'f38d43142d711ed49bdf2320bcaea03f','ftp://tlalocnet.udg.mx/rinex/obs/2015/080/cn240800.15d.Z'),(49522,33,84,'cn240800.15n.Z','cn240800.15n.Z',3,0,'2015-03-21 00:00:00','2015-03-21 23:59:45',2015,80,'2015-03-22 00:00:00',33913,'b13c69b9aa7e3149986b8cba1a99b805','ftp://tlalocnet.udg.mx/rinex/nav/2015/080/cn240800.15n.Z'),(49523,33,84,'cn240800.15m.Z','cn240800.15m.Z',6,0,'2015-03-21 00:00:00','2015-03-21 23:59:45',2015,80,'2015-03-22 00:00:00',18385,'5d0449bb8c8fca7f20e6e804322ef781','ftp://tlalocnet.udg.mx/rinex/met/2015/080/cn240800.15m.Z'),(49573,33,84,'cn240810.15d.Z','cn240810.15d.Z',2,0,'2015-03-22 00:00:00','2015-03-22 23:59:45',2015,81,'2015-03-23 00:00:00',674616,'935d6834f24aa6dfae0ca65b77dd99bd','ftp://tlalocnet.udg.mx/rinex/obs/2015/081/cn240810.15d.Z'),(49574,33,84,'cn240810.15n.Z','cn240810.15n.Z',3,0,'2015-03-22 00:00:00','2015-03-22 23:59:45',2015,81,'2015-03-23 00:00:00',35252,'5abc2ae60c83d6fc74a6f53e69f1c93a','ftp://tlalocnet.udg.mx/rinex/nav/2015/081/cn240810.15n.Z'),(49575,33,84,'cn240810.15m.Z','cn240810.15m.Z',6,0,'2015-03-22 00:00:00','2015-03-22 23:59:45',2015,81,'2015-03-23 00:00:00',18710,'0205a0440b8f0eedfb707a64cd0e3233','ftp://tlalocnet.udg.mx/rinex/met/2015/081/cn240810.15m.Z'),(49616,33,84,'cn240820.15d.Z','cn240820.15d.Z',2,0,'2015-03-23 00:00:00','2015-03-23 23:59:45',2015,82,'2015-03-24 00:00:00',676620,'1d6f7741955185530de587084fe0b40d','ftp://tlalocnet.udg.mx/rinex/obs/2015/082/cn240820.15d.Z'),(49617,33,84,'cn240820.15n.Z','cn240820.15n.Z',3,0,'2015-03-23 00:00:00','2015-03-23 23:59:45',2015,82,'2015-03-24 00:00:00',34143,'2643563d2d3da19287b90ce9f29cf57a','ftp://tlalocnet.udg.mx/rinex/nav/2015/082/cn240820.15n.Z'),(49618,33,84,'cn240820.15m.Z','cn240820.15m.Z',6,0,'2015-03-23 00:00:00','2015-03-23 23:59:45',2015,82,'2015-03-24 00:00:00',18751,'820aeba980ccccd44ce89bb53a66a241','ftp://tlalocnet.udg.mx/rinex/met/2015/082/cn240820.15m.Z');
/*!40000 ALTER TABLE `datafile` ENABLE KEYS */;
UNLOCK TABLES;

--
-- Table structure for table `datafile_type`
--

DROP TABLE IF EXISTS `datafile_type`;
/*!40101 SET @saved_cs_client     = @@character_set_client */;
/*!40101 SET character_set_client = utf8 */;
CREATE TABLE `datafile_type` (
  `datafile_type_id` int(3) unsigned NOT NULL AUTO_INCREMENT,
  `datafile_type_name` varchar(50) NOT NULL,
  `datafile_type_version` varchar(50) NOT NULL,
  `datafile_type_description` varchar(50) NOT NULL,
  PRIMARY KEY (`datafile_type_id`)
) ENGINE=InnoDB AUTO_INCREMENT=9 DEFAULT CHARSET=utf8;
/*!40101 SET character_set_client = @saved_cs_client */;

--
-- Dumping data for table `datafile_type`
--

LOCK TABLES `datafile_type` WRITE;
/*!40000 ALTER TABLE `datafile_type` DISABLE KEYS */;
INSERT INTO `datafile_type` VALUES (1,'instrument data file','','Any type or format of native, raw, or binary file '),(2,'RINEX observation file','','a RINEX \'o\' obs file; may be compressed'),(3,'RINEX GPS navigation file','','a RINEX \'n\' nav file; may be compressed'),(4,'RINEX Galileo navigation file','','a RINEX \'e\' nav file; may be compressed'),(5,'RINEX GLONASS navigation file','','a RINEX \'g\' nav file; may be compressed'),(6,'RINEX meteorology file','','a RINEX \'m\' met file; may be compressed'),(7,'RINEX QZSS navigation file','','a RINEX \'j\' nav file; may be compressed'),(8,'RINEX Beidou navigation file','','a RINEX \'c\' nav file; may be compressed');
/*!40000 ALTER TABLE `datafile_type` ENABLE KEYS */;
UNLOCK TABLES;

--
-- Table structure for table `ellipsoid`
--

DROP TABLE IF EXISTS `ellipsoid`;
/*!40101 SET @saved_cs_client     = @@character_set_client */;
/*!40101 SET character_set_client = utf8 */;
CREATE TABLE `ellipsoid` (
  `ellipsoid_id` int(4) unsigned NOT NULL AUTO_INCREMENT,
  `ellipsoid_name` varchar(45) NOT NULL,
  `ellipsoid_short_name` varchar(10) DEFAULT NULL,
  PRIMARY KEY (`ellipsoid_id`)
) ENGINE=InnoDB AUTO_INCREMENT=4 DEFAULT CHARSET=utf8;
/*!40101 SET character_set_client = @saved_cs_client */;

--
-- Dumping data for table `ellipsoid`
--

LOCK TABLES `ellipsoid` WRITE;
/*!40000 ALTER TABLE `ellipsoid` DISABLE KEYS */;
INSERT INTO `ellipsoid` VALUES (1,'WGS 84','WGS 84'),(2,'GRS 80','GRS 80'),(3,'PZ-90','PZ-90');
/*!40000 ALTER TABLE `ellipsoid` ENABLE KEYS */;
UNLOCK TABLES;

--
-- Table structure for table `equip_config`
--

DROP TABLE IF EXISTS `equip_config`;
/*!40101 SET @saved_cs_client     = @@character_set_client */;
/*!40101 SET character_set_client = utf8 */;
CREATE TABLE `equip_config` (
  `equip_config_id` int(6) unsigned NOT NULL AUTO_INCREMENT,
  `station_id` int(6) unsigned NOT NULL,
  `create_time` datetime NOT NULL,
  `equip_config_start_time` datetime NOT NULL,
  `equip_config_stop_time` datetime DEFAULT NULL,
  `antenna_id` int(3) unsigned NOT NULL,
  `antenna_serial_number` varchar(20) NOT NULL,
  `antenna_height` float NOT NULL,
  `metpack_id` int(3) unsigned DEFAULT NULL,
  `metpack_serial_number` varchar(20) DEFAULT NULL,
  `radome_id` int(3) unsigned NOT NULL,
  `radome_serial_number` varchar(20) NOT NULL,
  `receiver_firmware_id` int(3) unsigned NOT NULL,
  `receiver_serial_number` varchar(20) NOT NULL,
  `satellite_system` varchar(20) DEFAULT NULL,
  `sample_interval` float DEFAULT NULL,
  PRIMARY KEY (`equip_config_id`),
  KEY `station_id_idx` (`station_id`),
  KEY `antenna_id_idx` (`antenna_id`),
  KEY `metpack_id_idx` (`metpack_id`),
  KEY `receiver_firmware_id_idx` (`receiver_firmware_id`),
  KEY `radome_id_idx` (`radome_id`),
  CONSTRAINT `antenna_id` FOREIGN KEY (`antenna_id`) REFERENCES `antenna` (`antenna_id`) ON DELETE NO ACTION ON UPDATE NO ACTION,
  CONSTRAINT `metpack_id` FOREIGN KEY (`metpack_id`) REFERENCES `metpack` (`metpack_id`) ON DELETE NO ACTION ON UPDATE NO ACTION,
  CONSTRAINT `radome_id` FOREIGN KEY (`radome_id`) REFERENCES `radome` (`radome_id`) ON DELETE NO ACTION ON UPDATE NO ACTION,
  CONSTRAINT `receiver_firmware_id` FOREIGN KEY (`receiver_firmware_id`) REFERENCES `receiver_firmware` (`receiver_firmware_id`) ON DELETE NO ACTION ON UPDATE NO ACTION,
  CONSTRAINT `station_id` FOREIGN KEY (`station_id`) REFERENCES `station` (`station_id`) ON DELETE NO ACTION ON UPDATE NO ACTION
) ENGINE=InnoDB AUTO_INCREMENT=145 DEFAULT CHARSET=utf8;
/*!40101 SET character_set_client = @saved_cs_client */;

--
-- Dumping data for table `equip_config`
--

LOCK TABLES `equip_config` WRITE;
/*!40000 ALTER TABLE `equip_config` DISABLE KEYS */;
INSERT INTO `equip_config` VALUES (83,33,'2015-03-12 11:00:22','2013-10-30 17:15:15','2014-05-21 23:59:45',2,'5151354363',0.0083,NULL,NULL,2,' ',30,'5152K80917','GPS',15),(84,33,'2015-03-12 11:00:22','2014-05-22 00:00:00','2015-03-23 23:59:45',2,'5151354363',0.0083,NULL,NULL,2,' ',1,'5152K80917','GPS',15),(88,34,'2015-03-12 11:00:22','2014-02-12 21:51:45','2014-10-10 23:59:45',2,'5151354359',0.0083,NULL,NULL,2,' ',30,'5145K79595','GPS',15),(89,34,'2015-03-12 11:00:22','2014-10-11 00:00:00','2015-03-19 23:59:45',2,'5151354359',0.0083,NULL,NULL,2,' ',1,'5145K79595','GPS',15);
/*!40000 ALTER TABLE `equip_config` ENABLE KEYS */;
UNLOCK TABLES;

--
-- Table structure for table `locale`
--

DROP TABLE IF EXISTS `locale`;
/*!40101 SET @saved_cs_client     = @@character_set_client */;
/*!40101 SET character_set_client = utf8 */;
CREATE TABLE `locale` (
  `locale_id` int(3) unsigned NOT NULL AUTO_INCREMENT,
  `locale_info` varchar(70) NOT NULL,
  PRIMARY KEY (`locale_id`)
) ENGINE=InnoDB AUTO_INCREMENT=33 DEFAULT CHARSET=utf8;
/*!40101 SET character_set_client = @saved_cs_client */;

--
-- Dumping data for table `locale`
--

LOCK TABLES `locale` WRITE;
/*!40000 ALTER TABLE `locale` DISABLE KEYS */;
INSERT INTO `locale` VALUES (24,'Felipe Carrillo Puerto'),(25,'Comitan De Dominguez');
/*!40000 ALTER TABLE `locale` ENABLE KEYS */;
UNLOCK TABLES;

--
-- Table structure for table `metpack`
--

DROP TABLE IF EXISTS `metpack`;
/*!40101 SET @saved_cs_client     = @@character_set_client */;
/*!40101 SET character_set_client = utf8 */;
CREATE TABLE `metpack` (
  `metpack_id` int(5) unsigned NOT NULL AUTO_INCREMENT,
  `metpack_name` varchar(15) NOT NULL,
  PRIMARY KEY (`metpack_id`)
) ENGINE=InnoDB AUTO_INCREMENT=6 DEFAULT CHARSET=utf8;
/*!40101 SET character_set_client = @saved_cs_client */;

--
-- Dumping data for table `metpack`
--

LOCK TABLES `metpack` WRITE;
/*!40000 ALTER TABLE `metpack` DISABLE KEYS */;
INSERT INTO `metpack` VALUES (1,'no metpack'),(2,'WXT520'),(4,''),(5,'WXT510');
/*!40000 ALTER TABLE `metpack` ENABLE KEYS */;
UNLOCK TABLES;

--
-- Table structure for table `monument_style`
--

DROP TABLE IF EXISTS `monument_style`;
/*!40101 SET @saved_cs_client     = @@character_set_client */;
/*!40101 SET character_set_client = utf8 */;
CREATE TABLE `monument_style` (
  `monument_style_id` int(3) unsigned NOT NULL AUTO_INCREMENT,
  `monument_style_description` varchar(70) NOT NULL,
  PRIMARY KEY (`monument_style_id`)
) ENGINE=InnoDB AUTO_INCREMENT=6 DEFAULT CHARSET=utf8;
/*!40101 SET character_set_client = @saved_cs_client */;

--
-- Dumping data for table `monument_style`
--

LOCK TABLES `monument_style` WRITE;
/*!40000 ALTER TABLE `monument_style` DISABLE KEYS */;
INSERT INTO `monument_style` VALUES (1,'shallow foundation pillar'),(2,'building roof'),(3,'deep-drilled braced'),(4,'shallow-drilled braced'),(5,'rock-pin');
/*!40000 ALTER TABLE `monument_style` ENABLE KEYS */;
UNLOCK TABLES;

--
-- Table structure for table `network`
--

DROP TABLE IF EXISTS `network`;
/*!40101 SET @saved_cs_client     = @@character_set_client */;
/*!40101 SET character_set_client = utf8 */;
CREATE TABLE `network` (
  `network_id` int(3) unsigned NOT NULL AUTO_INCREMENT,
  `network_name` varchar(50) NOT NULL,
  PRIMARY KEY (`network_id`)
) ENGINE=InnoDB AUTO_INCREMENT=4 DEFAULT CHARSET=utf8;
/*!40101 SET character_set_client = @saved_cs_client */;

--
-- Dumping data for table `network`
--

LOCK TABLES `network` WRITE;
/*!40000 ALTER TABLE `network` DISABLE KEYS */;
INSERT INTO `network` VALUES (2,'COCONet');
/*!40000 ALTER TABLE `network` ENABLE KEYS */;
UNLOCK TABLES;

--
-- Table structure for table `radome`
--

DROP TABLE IF EXISTS `radome`;
/*!40101 SET @saved_cs_client     = @@character_set_client */;
/*!40101 SET character_set_client = utf8 */;
CREATE TABLE `radome` (
  `radome_id` int(5) unsigned NOT NULL AUTO_INCREMENT,
  `radome_name` varchar(15) NOT NULL,
  `igs_defined` char(1) NOT NULL DEFAULT 'N',
  PRIMARY KEY (`radome_id`)
) ENGINE=InnoDB AUTO_INCREMENT=4 DEFAULT CHARSET=utf8;
/*!40101 SET character_set_client = @saved_cs_client */;

--
-- Dumping data for table `radome`
--

LOCK TABLES `radome` WRITE;
/*!40000 ALTER TABLE `radome` DISABLE KEYS */;
INSERT INTO `radome` VALUES (1,'NONE','N'),(2,'SCIT','N'),(3,'SCIS','N');
/*!40000 ALTER TABLE `radome` ENABLE KEYS */;
UNLOCK TABLES;

--
-- Table structure for table `receiver_firmware`
--

DROP TABLE IF EXISTS `receiver_firmware`;
/*!40101 SET @saved_cs_client     = @@character_set_client */;
/*!40101 SET character_set_client = utf8 */;
CREATE TABLE `receiver_firmware` (
  `receiver_firmware_id` int(5) unsigned NOT NULL AUTO_INCREMENT,
  `receiver_name` varchar(20) NOT NULL,
  `receiver_firmware` varchar(20) NOT NULL,
  `igs_defined` char(1) NOT NULL DEFAULT 'N',
  PRIMARY KEY (`receiver_firmware_id`)
) ENGINE=InnoDB AUTO_INCREMENT=43 DEFAULT CHARSET=utf8;
/*!40101 SET character_set_client = @saved_cs_client */;

--
-- Dumping data for table `receiver_firmware`
--

LOCK TABLES `receiver_firmware` WRITE;
/*!40000 ALTER TABLE `receiver_firmware` DISABLE KEYS */;
INSERT INTO `receiver_firmware` VALUES (1,'TRIMBLE NETR9','4.85','Y'),(2,'TRIMBLE 4000SSI','7.19b','Y'),(3,'TRIMBLE NETRS','1.1-1','Y'),(4,'TRIMBLE NETRS','1.1-2','Y'),(5,'TRIMBLE NETR5','4.03','Y'),(6,'TRIMBLE 5700','1.30','N'),(7,'TPS GB-1000','3.1','N'),(8,'TRIMBLE 4000SSI','7.12','N'),(9,'ROGUE SNR-8000','2.8','N'),(10,'TRIMBLE NETR9','4.60','N'),(11,'TRIMBLE R7','2.21','N'),(12,'TRIMBLE 5700','1.24','N'),(13,'TRIMBLE 4000SST','4.64','N'),(14,'ASHTECH Z-XII3','1E95','N'),(15,'ASHTECH Z-XII3','1E86','N'),(16,'TRIMBLE 4000SSI','7.19','N'),(17,'TRIMBLE NETRS','1.13','N'),(18,'TRIMBLE 4000SSI','7.27','N'),(19,'TRIMBLE 4000SSI','7.28','N'),(20,'TRIMBLE 4000SSI','7.29','N'),(21,'TRIMBLE 4000SSI','7.19A','N'),(22,'TRIMBLE 5700','1.3','N'),(23,'AOA BENCHMARK ACT','3.3.32.5','N'),(24,'TRIMBLE 5700','2.01','N'),(25,'TRIMBLE R7','2.24','N'),(26,'TRIMBLE 5700','2.21','N'),(27,'TRIMBLE 5700','2.10','N'),(28,'TRIMBLE NETRS','1.3-0 05 Apr 2010','N'),(29,'TRIMBLE NETR9','4.43','N'),(30,'TRIMBLE NETR9','4.81','N'),(31,'TRIMBLE NETRS','1.3-0','N'),(32,'TRIMBLE NETRS','1.1-3  28 Apr 2005','N'),(33,'TRIMBLE NETRS','1.3-0   05 Apr 2010','N'),(34,'TRIMBLE NETRS','1.1-5','N'),(35,'TRIMBLE NETRS','1.3-2','N'),(36,'ASHTECH UZ-12','CJ00','N'),(37,'TRIMBLE 4700','1.37','N'),(38,'ASHTECH UZ-12','0','N'),(39,'TRIMBLE 4700','1.23','N'),(40,'ASHTECH UZ-12','CJ10','N'),(41,'TRIMBLE NETRS','1.2-5','N'),(42,'TRIMBLE NETRS','1.1-3','N');
/*!40000 ALTER TABLE `receiver_firmware` ENABLE KEYS */;
UNLOCK TABLES;

--
-- Table structure for table `station`
--

DROP TABLE IF EXISTS `station`;
/*!40101 SET @saved_cs_client     = @@character_set_client */;
/*!40101 SET character_set_client = utf8 */;
CREATE TABLE `station` (
  `station_id` int(6) unsigned NOT NULL AUTO_INCREMENT,
  `four_char_name` char(4) NOT NULL,
  `station_name` varchar(50) NOT NULL,
  `latitude_north` double NOT NULL,
  `longitude_east` double NOT NULL,
  `height_above_ellipsoid` float NOT NULL,
  `installed_date` datetime NOT NULL,
  `retired_date` datetime DEFAULT NULL,
  `style_id` int(3) unsigned NOT NULL,
  `status_id` int(3) unsigned NOT NULL,
  `access_id` int(3) unsigned NOT NULL,
  `monument_style_id` int(3) unsigned NOT NULL,
  `country_id` int(3) unsigned NOT NULL,
  `locale_id` int(3) unsigned NOT NULL,
  `ellipsoid_id` int(1) unsigned NOT NULL,
  `iers_domes` char(9) DEFAULT NULL,
  `operator_agency_id` int(3) unsigned DEFAULT NULL,
  `data_publisher_agency_id` int(3) unsigned DEFAULT NULL,
  `network_id` int(5) unsigned NOT NULL,
  `station_image_URL` varchar(100) DEFAULT NULL,
  `time_series_URL` varchar(100) DEFAULT NULL,
  PRIMARY KEY (`station_id`),
  KEY `style_id_idx` (`style_id`),
  KEY `status_id_idx` (`status_id`),
  KEY `access_id_idx` (`access_id`),
  KEY `monument_style_id_idx` (`monument_style_id`),
  KEY `country_id_idx` (`country_id`),
  KEY `locale_id_idx` (`locale_id`),
  KEY `ellipsoid_id_idx` (`ellipsoid_id`),
  KEY `operator_agency_id_idx` (`operator_agency_id`),
  KEY `data_publisher_agency_id_idx` (`data_publisher_agency_id`),
  KEY `network_id_idx` (`network_id`),
  CONSTRAINT `access_id` FOREIGN KEY (`access_id`) REFERENCES `access` (`access_id`) ON DELETE NO ACTION ON UPDATE NO ACTION,
  CONSTRAINT `country_id` FOREIGN KEY (`country_id`) REFERENCES `country` (`country_id`) ON DELETE NO ACTION ON UPDATE NO ACTION,
  CONSTRAINT `data_publisher_agency_id` FOREIGN KEY (`data_publisher_agency_id`) REFERENCES `agency` (`agency_id`) ON DELETE NO ACTION ON UPDATE NO ACTION,
  CONSTRAINT `ellipsoid_id` FOREIGN KEY (`ellipsoid_id`) REFERENCES `ellipsoid` (`ellipsoid_id`) ON DELETE NO ACTION ON UPDATE NO ACTION,
  CONSTRAINT `locale_id` FOREIGN KEY (`locale_id`) REFERENCES `locale` (`locale_id`) ON DELETE NO ACTION ON UPDATE NO ACTION,
  CONSTRAINT `monument_style_id` FOREIGN KEY (`monument_style_id`) REFERENCES `monument_style` (`monument_style_id`) ON DELETE NO ACTION ON UPDATE NO ACTION,
  CONSTRAINT `network_id` FOREIGN KEY (`network_id`) REFERENCES `network` (`network_id`) ON DELETE NO ACTION ON UPDATE NO ACTION,
  CONSTRAINT `operator_agency_id` FOREIGN KEY (`operator_agency_id`) REFERENCES `agency` (`agency_id`) ON DELETE NO ACTION ON UPDATE NO ACTION,
  CONSTRAINT `status_id` FOREIGN KEY (`status_id`) REFERENCES `station_status` (`station_status_id`) ON DELETE NO ACTION ON UPDATE NO ACTION,
  CONSTRAINT `style_id` FOREIGN KEY (`style_id`) REFERENCES `station_style` (`station_style_id`) ON DELETE NO ACTION ON UPDATE NO ACTION
) ENGINE=InnoDB AUTO_INCREMENT=54 DEFAULT CHARSET=utf8;
/*!40101 SET character_set_client = @saved_cs_client */;

--
-- Dumping data for table `station`
--

LOCK TABLES `station` WRITE;
/*!40000 ALTER TABLE `station` DISABLE KEYS */;
INSERT INTO `station` VALUES (33,'CN24','FelipeCarMEX2012',19.5756,-88.0539,16,'2013-10-30 17:15:15',NULL,1,1,2,2,1,24,1,'',1,1,2,'http://www.unavco.org/data/gps-gnss/lib/images/station_images/CN24.jpg','http://geodesy.unr.edu/tsplots/IGS08/TimeSeries_cleaned/CN24.png'),(34,'CN25','ComitandDMEX2012',16.2321,-92.1353,1597,'2014-02-12 21:51:45',NULL,1,1,2,2,1,25,1,'',1,1,2,'http://www.unavco.org/data/gps-gnss/lib/images/station_images/CN25.jpg','http://geodesy.unr.edu/tsplots/IGS08/TimeSeries_cleaned/CN25.png');
/*!40000 ALTER TABLE `station` ENABLE KEYS */;
UNLOCK TABLES;

--
-- Table structure for table `station_status`
--

DROP TABLE IF EXISTS `station_status`;
/*!40101 SET @saved_cs_client     = @@character_set_client */;
/*!40101 SET character_set_client = utf8 */;
CREATE TABLE `station_status` (
  `station_status_id` int(3) unsigned NOT NULL AUTO_INCREMENT,
  `station_status` varchar(80) NOT NULL,
  PRIMARY KEY (`station_status_id`)
) ENGINE=InnoDB AUTO_INCREMENT=5 DEFAULT CHARSET=utf8;
/*!40101 SET character_set_client = @saved_cs_client */;

--
-- Dumping data for table `station_status`
--

LOCK TABLES `station_status` WRITE;
/*!40000 ALTER TABLE `station_status` DISABLE KEYS */;
INSERT INTO `station_status` VALUES (1,'Active'),(2,'Inactive/intermittent'),(3,'Retired'),(4,'Pending');
/*!40000 ALTER TABLE `station_status` ENABLE KEYS */;
UNLOCK TABLES;

--
-- Table structure for table `station_style`
--

DROP TABLE IF EXISTS `station_style`;
/*!40101 SET @saved_cs_client     = @@character_set_client */;
/*!40101 SET character_set_client = utf8 */;
CREATE TABLE `station_style` (
  `station_style_id` int(3) unsigned NOT NULL AUTO_INCREMENT,
  `station_style_description` varchar(80) NOT NULL,
  PRIMARY KEY (`station_style_id`)
) ENGINE=InnoDB AUTO_INCREMENT=4 DEFAULT CHARSET=utf8;
/*!40101 SET character_set_client = @saved_cs_client */;

--
-- Dumping data for table `station_style`
--

LOCK TABLES `station_style` WRITE;
/*!40000 ALTER TABLE `station_style` DISABLE KEYS */;
INSERT INTO `station_style` VALUES (1,'GPS/GNSS Continuous'),(2,'GPS/GNSS Campaign'),(3,'GPS/GNSS Mobile');
/*!40000 ALTER TABLE `station_style` ENABLE KEYS */;
UNLOCK TABLES;
/*!40103 SET TIME_ZONE=@OLD_TIME_ZONE */;

/*!40101 SET SQL_MODE=@OLD_SQL_MODE */;
/*!40014 SET FOREIGN_KEY_CHECKS=@OLD_FOREIGN_KEY_CHECKS */;
/*!40014 SET UNIQUE_CHECKS=@OLD_UNIQUE_CHECKS */;
/*!40101 SET CHARACTER_SET_CLIENT=@OLD_CHARACTER_SET_CLIENT */;
/*!40101 SET CHARACTER_SET_RESULTS=@OLD_CHARACTER_SET_RESULTS */;
/*!40101 SET COLLATION_CONNECTION=@OLD_COLLATION_CONNECTION */;
/*!40111 SET SQL_NOTES=@OLD_SQL_NOTES */;

-- Dump completed on 2015-03-26 11:34:38
