-- MySQL dump 10.13  Distrib 5.1.73, for redhat-linux-gnu (x86_64)
--
-- Host: localhost    Database: Dataworks_demo
-- ------------------------------------------------------
-- Server version	5.1.73

/*!40101 SET @OLD_CHARACTER_SET_CLIENT=@@CHARACTER_SET_CLIENT */;
/*!40101 SET @OLD_CHARACTER_SET_RESULTS=@@CHARACTER_SET_RESULTS */;
/*!40101 SET @OLD_COLLATION_CONNECTION=@@COLLATION_CONNECTION */;
/*!40101 SET NAMES utf8 */;
/*!40103 SET @OLD_TIME_ZONE=@@TIME_ZONE */;
/*!40103 SET TIME_ZONE='+00:00' */;
/*!40014 SET @OLD_UNIQUE_CHECKS=@@UNIQUE_CHECKS, UNIQUE_CHECKS=0 */;
/*!40014 SET @OLD_FOREIGN_KEY_CHECKS=@@FOREIGN_KEY_CHECKS, FOREIGN_KEY_CHECKS=0 */;
/*!40101 SET @OLD_SQL_MODE=@@SQL_MODE, SQL_MODE='NO_AUTO_VALUE_ON_ZERO' */;
/*!40111 SET @OLD_SQL_NOTES=@@SQL_NOTES, SQL_NOTES=0 */;

--
-- Current Database: `Dataworks_demo`
--

CREATE DATABASE /*!32312 IF NOT EXISTS*/ `Dataworks_demo` /*!40100 DEFAULT CHARACTER SET utf8 */;

USE `Dataworks_demo`;

--
-- Table structure for table `access`
--

DROP TABLE IF EXISTS `access`;
/*!40101 SET @saved_cs_client     = @@character_set_client */;
/*!40101 SET character_set_client = utf8 */;
CREATE TABLE `access` (
  `access_id` int(3) unsigned NOT NULL AUTO_INCREMENT,
  `access_description` varchar(80) NOT NULL,
  `embargo_duration_days` int(6) NOT NULL DEFAULT '0',
  PRIMARY KEY (`access_id`)
) ENGINE=InnoDB AUTO_INCREMENT=4 DEFAULT CHARSET=utf8;
/*!40101 SET character_set_client = @saved_cs_client */;

--
-- Dumping data for table `access`
--

LOCK TABLES `access` WRITE;
/*!40000 ALTER TABLE `access` DISABLE KEYS */;
INSERT INTO `access` VALUES (1,'no public access allowed',0),(2,'public access allowed for station metadata, instrument metadata, and data files',0),(3,'public access allowed for station and instrument metadata only',0);
/*!40000 ALTER TABLE `access` ENABLE KEYS */;
UNLOCK TABLES;

--
-- Table structure for table `agency`
--

DROP TABLE IF EXISTS `agency`;
/*!40101 SET @saved_cs_client     = @@character_set_client */;
/*!40101 SET character_set_client = utf8 */;
CREATE TABLE `agency` (
  `agency_id` int(4) unsigned NOT NULL AUTO_INCREMENT,
  `agency_name` varchar(100) NOT NULL,
  `agency_short_name` varchar(10) DEFAULT NULL,
  PRIMARY KEY (`agency_id`)
) ENGINE=InnoDB AUTO_INCREMENT=4 DEFAULT CHARSET=utf8;
/*!40101 SET character_set_client = @saved_cs_client */;

--
-- Dumping data for table `agency`
--

LOCK TABLES `agency` WRITE;
/*!40000 ALTER TABLE `agency` DISABLE KEYS */;
INSERT INTO `agency` VALUES (1,'My Agency name','My Agency');
/*!40000 ALTER TABLE `agency` ENABLE KEYS */;
UNLOCK TABLES;

--
-- Table structure for table `antenna`
--

DROP TABLE IF EXISTS `antenna`;
/*!40101 SET @saved_cs_client     = @@character_set_client */;
/*!40101 SET character_set_client = utf8 */;
CREATE TABLE `antenna` (
  `antenna_id` int(3) unsigned NOT NULL AUTO_INCREMENT,
  `antenna_name` varchar(15) NOT NULL,
  `igs_defined` char(1) NOT NULL DEFAULT 'N',
  PRIMARY KEY (`antenna_id`)
) ENGINE=InnoDB AUTO_INCREMENT=24 DEFAULT CHARSET=utf8;
/*!40101 SET character_set_client = @saved_cs_client */;

--
-- Dumping data for table `antenna`
--

LOCK TABLES `antenna` WRITE;
/*!40000 ALTER TABLE `antenna` DISABLE KEYS */;
INSERT INTO `antenna` VALUES (14,'Zephyr Geodetic','N'),(15,'TRM41249.00','N'),(16,'TRM57971.00','N'),(17,'TRM59800.00','N'),(18,'TRM55971.00','N'),(19,'TRM33429.00+GP','N'),(20,'ASH701945B_M','N'),(21,'TRM14532.00','N'),(22,'TRM22020.00+GP','N'),(23,'TRM33429.20+GP','N');
/*!40000 ALTER TABLE `antenna` ENABLE KEYS */;
UNLOCK TABLES;

--
-- Table structure for table `country`
--

DROP TABLE IF EXISTS `country`;
/*!40101 SET @saved_cs_client     = @@character_set_client */;
/*!40101 SET character_set_client = utf8 */;
CREATE TABLE `country` (
  `country_id` int(3) unsigned NOT NULL AUTO_INCREMENT,
  `country_name` varchar(70) NOT NULL,
  PRIMARY KEY (`country_id`)
) ENGINE=InnoDB AUTO_INCREMENT=6 DEFAULT CHARSET=utf8;
/*!40101 SET character_set_client = @saved_cs_client */;

--
-- Dumping data for table `country`
--

LOCK TABLES `country` WRITE;
/*!40000 ALTER TABLE `country` DISABLE KEYS */;
INSERT INTO `country` VALUES (4,'My country');
/*!40000 ALTER TABLE `country` ENABLE KEYS */;
UNLOCK TABLES;

--
-- Table structure for table `datafile`
--

DROP TABLE IF EXISTS `datafile`;
/*!40101 SET @saved_cs_client     = @@character_set_client */;
/*!40101 SET character_set_client = utf8 */;
CREATE TABLE `datafile` (
  `datafile_id` int(9) unsigned NOT NULL AUTO_INCREMENT,
  `station_id` int(6) unsigned NOT NULL,
  `equip_config_id` int(6) unsigned DEFAULT NULL,
  `datafile_name` varchar(120) NOT NULL,
  `original_datafile_name` varchar(100) DEFAULT NULL,
  `datafile_type_id` int(3) unsigned NOT NULL,
  `sample_interval` float NOT NULL,
  `datafile_start_time` datetime NOT NULL,
  `datafile_stop_time` datetime NOT NULL,
  `year` year(4) NOT NULL,
  `day_of_year` int(3) NOT NULL,
  `published_time` datetime NOT NULL,
  `size_bytes` int(10) NOT NULL,
  `MD5` char(32) NOT NULL,
  `URL_path` varchar(120) NOT NULL,
  PRIMARY KEY (`datafile_id`),
  KEY `station_id_idx` (`station_id`),
  KEY `equip_config_id_idx` (`equip_config_id`),
  KEY `datafile_type_id_idx` (`datafile_type_id`),
  CONSTRAINT `datafile_type_id` FOREIGN KEY (`datafile_type_id`) REFERENCES `datafile_type` (`datafile_type_id`) ON DELETE NO ACTION ON UPDATE NO ACTION,
  CONSTRAINT `equip_config_id` FOREIGN KEY (`equip_config_id`) REFERENCES `equip_config` (`equip_config_id`) ON DELETE NO ACTION ON UPDATE NO ACTION,
  CONSTRAINT `station_id2` FOREIGN KEY (`station_id`) REFERENCES `station` (`station_id`) ON DELETE NO ACTION ON UPDATE NO ACTION
) ENGINE=InnoDB AUTO_INCREMENT=50070 DEFAULT CHARSET=utf8;
/*!40101 SET character_set_client = @saved_cs_client */;

--
-- Dumping data for table `datafile`
--

LOCK TABLES `datafile` WRITE;
/*!40000 ALTER TABLE `datafile` DISABLE KEYS */;
INSERT INTO `datafile` VALUES (49625,54,145,'IRI31620.15d.Z','5024K68287201506110000a.CRX',2,30,'2015-06-11 00:00:00','2015-06-11 23:59:30',2015,162,'2015-06-23 17:09:25',1142167,'84e87c45246a67a23c2a4100d4dfe285','ftp://dataworks1/rinex/obs/2015/162/IRI31620.15d.Z'),(49626,54,145,'IRI31600.15d.Z','5024K68287201506090000a.CRX',2,30,'2015-06-09 00:00:00','2015-06-09 23:59:30',2015,160,'2015-06-23 17:09:25',1179692,'f2e29f339ddbb3514f38a4e95ff8869b','ftp://dataworks1/rinex/obs/2015/160/IRI31600.15d.Z'),(49628,54,145,'IRI31640.15d.Z','5024K68287201506130000a.CRX',2,30,'2015-06-13 00:00:00','2015-06-13 23:59:30',2015,164,'2015-06-23 17:11:30',1218951,'1584fbdc5df934a78c87649ed4f8f8ce','ftp://dataworks1/rinex/obs/2015/164/IRI31640.15d.Z'),(49630,54,145,'IRI31560.15d.Z','5024K68287201506050000a.CRX',2,30,'2015-06-05 00:00:00','2015-06-05 23:59:30',2015,156,'2015-06-23 17:05:17',1162189,'464c1621bcb0e647a4f77b1e357bdc28','ftp://dataworks1/rinex/obs/2015/156/IRI31560.15d.Z'),(49631,54,145,'IRI31550.15d.Z','5024K68287201506040000a.CRX',2,30,'2015-06-04 00:00:00','2015-06-04 23:59:30',2015,155,'2015-06-23 17:05:17',1134544,'1750cc8c287873e403556398c25dea89','ftp://dataworks1/rinex/obs/2015/155/IRI31550.15d.Z'),(49632,54,145,'IRI31590.15d.Z','5024K68287201506080000a.CRX',2,30,'2015-06-08 00:00:00','2015-06-08 23:59:30',2015,159,'2015-06-23 17:07:21',1150483,'a7f987d3015b06eb81654e978ba43048','ftp://dataworks1/rinex/obs/2015/159/IRI31590.15d.Z'),(49633,54,145,'IRI31470.15d.Z','5024K68287201505270000a.CRX',2,30,'2015-05-27 00:00:00','2015-05-27 23:59:30',2015,147,'2015-06-23 16:59:05',1188363,'13262b398adf041c3a3591a710d12b93','ftp://dataworks1/rinex/obs/2015/147/IRI31470.15d.Z'),(49634,54,145,'IRI31530.15d.Z','5024K68287201506020000a.CRX',2,30,'2015-06-02 00:00:00','2015-06-02 23:59:30',2015,153,'2015-06-23 17:03:13',1188015,'bbf07e3c8f7c33afc4d866ab97c238ec','ftp://dataworks1/rinex/obs/2015/153/IRI31530.15d.Z'),(49635,54,145,'IRI31650.15d.Z','5024K68287201506140000a.CRX',2,30,'2015-06-14 00:00:00','2015-06-14 23:59:30',2015,165,'2015-06-23 17:11:30',1178533,'c07e0ef6ae7f238d3eb9399b694581d2','ftp://dataworks1/rinex/obs/2015/165/IRI31650.15d.Z'),(49637,54,145,'IRI31480.15d.Z','5024K68287201505280000a.CRX',2,30,'2015-05-28 00:00:00','2015-05-28 23:59:30',2015,148,'2015-06-23 17:01:09',1123937,'f63748e8dc95d871a754bbe0572beae4','ftp://dataworks1/rinex/obs/2015/148/IRI31480.15d.Z'),(49639,54,145,'IRI31580.15d.Z','5024K68287201506070000a.CRX',2,30,'2015-06-07 00:00:00','2015-06-07 23:59:30',2015,158,'2015-06-23 17:07:21',1153315,'55e978711b93ea74febb7db6cdd5791f','ftp://dataworks1/rinex/obs/2015/158/IRI31580.15d.Z'),(49640,54,145,'IRI31630.15d.Z','5024K68287201506120000a.CRX',2,30,'2015-06-12 00:00:00','2015-06-12 23:59:30',2015,163,'2015-06-23 17:09:25',1215645,'2618faa986f8800feb8079767f024092','ftp://dataworks1/rinex/obs/2015/163/IRI31630.15d.Z'),(49644,54,145,'IRI31570.15d.Z','5024K68287201506060000a.CRX',2,30,'2015-06-06 00:00:00','2015-06-06 23:59:30',2015,157,'2015-06-23 17:07:21',1194251,'e50e1aade258568fa63bf9fe83de6a08','ftp://dataworks1/rinex/obs/2015/157/IRI31570.15d.Z'),(49646,54,145,'IRI31610.15d.Z','5024K68287201506100000a.CRX',2,30,'2015-06-10 00:00:00','2015-06-10 23:59:30',2015,161,'2015-06-23 17:09:25',1178099,'01e17449675a4ca8801148481e0e4571','ftp://dataworks1/rinex/obs/2015/161/IRI31610.15d.Z'),(49647,54,145,'IRI31490.15d.Z','5024K68287201505290000a.CRX',2,30,'2015-05-29 00:00:00','2015-05-29 23:59:30',2015,149,'2015-06-23 17:01:09',1151865,'020baae0ea25f572521bf11504f6c18e','ftp://dataworks1/rinex/obs/2015/149/IRI31490.15d.Z'),(49649,54,145,'IRI31500.15d.Z','5024K68287201505300000a.CRX',2,30,'2015-05-30 00:00:00','2015-05-30 23:59:30',2015,150,'2015-06-23 17:01:09',1188869,'f9e4c2cab9ff62b678fdf5cfb062b00a','ftp://dataworks1/rinex/obs/2015/150/IRI31500.15d.Z'),(49650,54,145,'IRI31510.15d.Z','5024K68287201505310000a.CRX',2,30,'2015-05-31 00:00:00','2015-05-31 23:59:30',2015,151,'2015-06-23 17:03:13',1160383,'180a328f7f29c8a2cb927eae5ef708f7','ftp://dataworks1/rinex/obs/2015/151/IRI31510.15d.Z'),(49651,54,145,'IRI31540.15d.Z','5024K68287201506030000a.CRX',2,30,'2015-06-03 00:00:00','2015-06-03 23:59:30',2015,154,'2015-06-23 17:05:17',1184837,'3474b6b4df74d8ef49827f0827cf6f3b','ftp://dataworks1/rinex/obs/2015/154/IRI31540.15d.Z'),(49652,54,145,'IRI31520.15d.Z','5024K68287201506010000a.CRX',2,30,'2015-06-01 00:00:00','2015-06-01 23:59:30',2015,152,'2015-06-23 17:03:13',1142107,'e6fb79ae2be923fad69a9a86d06b2919','ftp://dataworks1/rinex/obs/2015/152/IRI31520.15d.Z'),(49653,54,145,'IRI31710.15d.Z','5024K68287201506200000a.CRX',2,30,'2015-06-20 00:00:00','2015-06-20 23:59:30',2015,171,'2015-06-23 17:15:38',1250199,'2a5b23003e97dc29708699a8fdec27ec','ftp://dataworks1/rinex/obs/2015/171/IRI31710.15d.Z'),(49654,54,145,'IRI31660.15d.Z','5024K68287201506150000a.CRX',2,30,'2015-06-15 00:00:00','2015-06-15 23:59:30',2015,166,'2015-06-23 17:11:30',1222249,'71c1f7482a9a956a28e9f58f227c175f','ftp://dataworks1/rinex/obs/2015/166/IRI31660.15d.Z'),(49655,54,145,'IRI31680.15d.Z','5024K68287201506170000a.CRX',2,30,'2015-06-17 00:00:00','2015-06-17 23:59:30',2015,168,'2015-06-23 17:13:34',1243701,'9d29de5b84cf47b28bbc3788263ac685','ftp://dataworks1/rinex/obs/2015/168/IRI31680.15d.Z'),(49656,54,145,'IRI31700.15d.Z','5024K68287201506190000a.CRX',2,30,'2015-06-19 00:00:00','2015-06-19 23:59:30',2015,170,'2015-06-23 17:15:38',1217991,'d821d0d2983d5647fafb12fac61f23e0','ftp://dataworks1/rinex/obs/2015/170/IRI31700.15d.Z'),(49657,54,145,'IRI31720.15d.Z','5024K68287201506210000a.CRX',2,30,'2015-06-21 00:00:00','2015-06-21 23:59:30',2015,172,'2015-06-23 17:15:38',1204309,'7e849929973473257c88a7daa957ead4','ftp://dataworks1/rinex/obs/2015/172/IRI31720.15d.Z'),(49658,54,145,'IRI31670.15d.Z','5024K68287201506160000a.CRX',2,30,'2015-06-16 00:00:00','2015-06-16 23:59:30',2015,167,'2015-06-23 17:13:34',1257015,'16fb51bb8b1e26afd4b939256b3f34ac','ftp://dataworks1/rinex/obs/2015/167/IRI31670.15d.Z'),(49659,54,145,'IRI31690.15d.Z','5024K68287201506180000a.CRX',2,30,'2015-06-18 00:00:00','2015-06-18 23:59:30',2015,169,'2015-06-23 17:13:34',1199929,'4843746cca2c780b6902548dd0e2a8aa','ftp://dataworks1/rinex/obs/2015/169/IRI31690.15d.Z'),(49660,115,210,'oxpe1760.15d.Z','oxpe1760.15d.Z',2,15,'2015-06-25 00:00:00','2015-06-25 23:59:45',2015,176,'2015-06-26 00:00:00',662307,'668ba44c357931a5f8101d95b68e861d','ftp://dataworks1:8080/rinex/obs/2015/176/oxpe1760.15d.Z'),(49661,115,210,'oxpe1760.15n.Z','oxpe1760.15n.Z',3,15,'2015-06-25 00:00:00','2015-06-25 23:59:45',2015,176,'2015-06-26 00:00:00',32128,'9db7d9681de44ae698bfe0fb88f444d5','ftp://dataworks1:8080/rinex/nav/2015/176/oxpe1760.15n.Z'),(49662,115,210,'oxpe1740.15d.Z','oxpe1740.15d.Z',2,15,'2015-06-23 00:00:00','2015-06-23 23:59:45',2015,174,'2015-06-24 00:00:00',673348,'657da8d3bc75cefc62c4def2f63540c2','ftp://dataworks1:8080/rinex/obs/2015/174/oxpe1740.15d.Z'),(49663,115,210,'oxpe1740.15n.Z','oxpe1740.15n.Z',3,15,'2015-06-23 00:00:00','2015-06-23 23:59:45',2015,174,'2015-06-24 00:00:00',32795,'2ff7931b2c714e0583e038e08dba9aa7','ftp://dataworks1:8080/rinex/nav/2015/174/oxpe1740.15n.Z'),(49664,115,210,'oxpe1750.15d.Z','oxpe1750.15d.Z',2,15,'2015-06-24 00:00:00','2015-06-24 23:59:45',2015,175,'2015-06-25 00:00:00',662835,'6b4c904f221d8371b9313a6d5d316fa0','ftp://dataworks1:8080/rinex/obs/2015/175/oxpe1750.15d.Z'),(49665,115,210,'oxpe1750.15n.Z','oxpe1750.15n.Z',3,15,'2015-06-24 00:00:00','2015-06-24 23:59:45',2015,175,'2015-06-25 00:00:00',31505,'e6fe7dacb9ef42b8c4e4f7908006bc02','ftp://dataworks1:8080/rinex/nav/2015/175/oxpe1750.15n.Z'),(49666,116,212,'oxth1750.15d.Z','oxth1750.15d.Z',2,15,'2015-06-24 00:00:00','2015-06-24 23:59:45',2015,175,'2015-06-25 00:00:00',683970,'2897f06c0d708e0f89c60741f80c827d','ftp://dataworks1:8080/rinex/obs/2015/175/oxth1750.15d.Z'),(49667,116,212,'oxth1750.15n.Z','oxth1750.15n.Z',3,15,'2015-06-24 00:00:00','2015-06-24 23:59:45',2015,175,'2015-06-25 00:00:00',32829,'a50952b2f0cc23703ee565b30f3306e3','ftp://dataworks1:8080/rinex/nav/2015/175/oxth1750.15n.Z'),(49668,116,212,'oxth1760.15d.Z','oxth1760.15d.Z',2,15,'2015-06-25 00:00:00','2015-06-25 23:59:45',2015,176,'2015-06-26 00:00:00',682731,'4c88e68eaaa682b1313f973314b46801','ftp://dataworks1:8080/rinex/obs/2015/176/oxth1760.15d.Z'),(49669,116,212,'oxth1760.15n.Z','oxth1760.15n.Z',3,15,'2015-06-25 00:00:00','2015-06-25 23:59:45',2015,176,'2015-06-26 00:00:00',33266,'ae090174f74da1db6069e10348a298df','ftp://dataworks1:8080/rinex/nav/2015/176/oxth1760.15n.Z'),(49670,116,212,'oxth1740.15d.Z','oxth1740.15d.Z',2,15,'2015-06-23 00:00:00','2015-06-23 23:59:45',2015,174,'2015-06-24 00:00:00',695667,'52d61d8ddf0a1941cad92e763a730e75','ftp://dataworks1:8080/rinex/obs/2015/174/oxth1740.15d.Z'),(49671,116,212,'oxth1740.15n.Z','oxth1740.15n.Z',3,15,'2015-06-23 00:00:00','2015-06-23 23:59:45',2015,174,'2015-06-24 00:00:00',34022,'5933c0aa708fd5e4e10e97053efabbd5','ftp://dataworks1:8080/rinex/nav/2015/174/oxth1740.15n.Z'),(49672,117,214,'oxum1740.15d.Z','oxum1740.15d.Z',2,15,'2015-06-23 00:00:00','2015-06-23 23:59:45',2015,174,'2015-06-24 00:00:00',699703,'4a74ba4b933a88d5b3e9321f3bcff0dd','ftp://dataworks1:8080/rinex/obs/2015/174/oxum1740.15d.Z'),(49673,117,214,'oxum1740.15n.Z','oxum1740.15n.Z',3,15,'2015-06-23 00:00:00','2015-06-23 23:59:45',2015,174,'2015-06-24 00:00:00',33909,'69f3b1ef6a25ff14d530ba95959bb147','ftp://dataworks1:8080/rinex/nav/2015/174/oxum1740.15n.Z'),(49674,117,214,'oxum1760.15d.Z','oxum1760.15d.Z',2,15,'2015-06-25 00:00:00','2015-06-25 23:59:45',2015,176,'2015-06-26 00:00:00',685207,'1f90e8f459451b3a11377c49315a6d96','ftp://dataworks1:8080/rinex/obs/2015/176/oxum1760.15d.Z'),(49675,117,214,'oxum1760.15n.Z','oxum1760.15n.Z',3,15,'2015-06-25 00:00:00','2015-06-25 23:59:45',2015,176,'2015-06-26 00:00:00',33110,'25bbceebcefd6e27d6a279d91d553164','ftp://dataworks1:8080/rinex/nav/2015/176/oxum1760.15n.Z'),(49676,117,214,'oxum1750.15d.Z','oxum1750.15d.Z',2,15,'2015-06-24 00:00:00','2015-06-24 23:59:45',2015,175,'2015-06-25 00:00:00',685347,'8665310584da6ccfbd3da96caf36a0e6','ftp://dataworks1:8080/rinex/obs/2015/175/oxum1750.15d.Z'),(49677,117,214,'oxum1750.15n.Z','oxum1750.15n.Z',3,15,'2015-06-24 00:00:00','2015-06-24 23:59:45',2015,175,'2015-06-25 00:00:00',32640,'69dd9fd10f504580c84bf26a16869b02','ftp://dataworks1:8080/rinex/nav/2015/175/oxum1750.15n.Z'),(49678,118,215,'tnal1740.15d.Z','tnal1740.15d.Z',2,15,'2015-06-23 00:00:00','2015-06-23 23:59:45',2015,174,'2015-06-24 00:00:00',757501,'43c6652dad4bf3f6955f59aa9a43a1f9','ftp://dataworks1:8080/rinex/obs/2015/174/tnal1740.15d.Z'),(49679,118,215,'tnal1740.15n.Z','tnal1740.15n.Z',3,15,'2015-06-23 00:00:00','2015-06-23 23:59:45',2015,174,'2015-06-24 00:00:00',35726,'da3b88855507f2644c219ead2cb7202c','ftp://dataworks1:8080/rinex/nav/2015/174/tnal1740.15n.Z'),(49680,118,215,'tnal1740.15m.Z','tnal1740.15m.Z',6,15,'2015-06-23 00:00:00','2015-06-23 23:59:45',2015,174,'2015-06-24 00:00:00',63065,'0518ced542f8b38fa9da65c6c968b108','ftp://dataworks1:8080/rinex/met/2015/174/tnal1740.15m.Z'),(49681,118,215,'tnal1750.15d.Z','tnal1750.15d.Z',2,15,'2015-06-24 00:00:00','2015-06-24 23:59:45',2015,175,'2015-06-25 00:00:00',749533,'06c35761533254593bf4f16ad2c3762c','ftp://dataworks1:8080/rinex/obs/2015/175/tnal1750.15d.Z'),(49682,118,215,'tnal1750.15n.Z','tnal1750.15n.Z',3,15,'2015-06-24 00:00:00','2015-06-24 23:59:45',2015,175,'2015-06-25 00:00:00',34592,'fbd75db88a6f3192092a57a1a5a12057','ftp://dataworks1:8080/rinex/nav/2015/175/tnal1750.15n.Z'),(49683,118,215,'tnal1750.15m.Z','tnal1750.15m.Z',6,15,'2015-06-24 00:00:00','2015-06-24 23:59:45',2015,175,'2015-06-25 00:00:00',63993,'93766f71a08c51dc1c055bd0641ca95d','ftp://dataworks1:8080/rinex/met/2015/175/tnal1750.15m.Z'),(49684,118,215,'tnal1760.15d.Z','tnal1760.15d.Z',2,15,'2015-06-25 00:00:00','2015-06-25 23:59:45',2015,176,'2015-06-26 00:00:00',742769,'6f95f78b2a5c0251be98c2e73e36ae0d','ftp://dataworks1:8080/rinex/obs/2015/176/tnal1760.15d.Z'),(49685,118,215,'tnal1760.15n.Z','tnal1760.15n.Z',3,15,'2015-06-25 00:00:00','2015-06-25 23:59:45',2015,176,'2015-06-26 00:00:00',35310,'2bfb4b12c189ff83885d9c89c3dea5e3','ftp://dataworks1:8080/rinex/nav/2015/176/tnal1760.15n.Z'),(49686,118,215,'tnal1760.15m.Z','tnal1760.15m.Z',6,15,'2015-06-25 00:00:00','2015-06-25 23:59:45',2015,176,'2015-06-26 00:00:00',62935,'853285cc9876ea8cf9cf3c3cf3125310','ftp://dataworks1:8080/rinex/met/2015/176/tnal1760.15m.Z'),(49687,119,216,'tnam1750.15d.Z','tnam1750.15d.Z',2,15,'2015-06-24 00:00:00','2015-06-24 23:59:45',2015,175,'2015-06-25 00:00:00',752273,'173f39ab44e47492189468167a4227eb','ftp://dataworks1:8080/rinex/obs/2015/175/tnam1750.15d.Z'),(49688,119,216,'tnam1750.15n.Z','tnam1750.15n.Z',3,15,'2015-06-24 00:00:00','2015-06-24 23:59:45',2015,175,'2015-06-25 00:00:00',34685,'d5d22750e42d11bd821476e96bde52c9','ftp://dataworks1:8080/rinex/nav/2015/175/tnam1750.15n.Z'),(49689,119,216,'tnam1750.15m.Z','tnam1750.15m.Z',6,15,'2015-06-24 00:00:00','2015-06-24 23:59:45',2015,175,'2015-06-25 00:00:00',68695,'35595d67a0eec69a86b380d35d5002ff','ftp://dataworks1:8080/rinex/met/2015/175/tnam1750.15m.Z'),(49690,119,216,'tnam1760.15d.Z','tnam1760.15d.Z',2,15,'2015-06-25 00:00:00','2015-06-25 23:59:45',2015,176,'2015-06-26 00:00:00',747153,'149f1d4a7e7344ec4c5f67d56c683016','ftp://dataworks1:8080/rinex/obs/2015/176/tnam1760.15d.Z'),(49691,119,216,'tnam1760.15n.Z','tnam1760.15n.Z',3,15,'2015-06-25 00:00:00','2015-06-25 23:59:45',2015,176,'2015-06-26 00:00:00',35733,'560062f1bffa5d85faad3ab530d120e5','ftp://dataworks1:8080/rinex/nav/2015/176/tnam1760.15n.Z'),(49692,119,216,'tnam1760.15m.Z','tnam1760.15m.Z',6,15,'2015-06-25 00:00:00','2015-06-25 23:59:45',2015,176,'2015-06-26 00:00:00',65915,'ecda781b1a68b9af22e85434706eac2f','ftp://dataworks1:8080/rinex/met/2015/176/tnam1760.15m.Z'),(49693,119,216,'tnam1740.15d.Z','tnam1740.15d.Z',2,15,'2015-06-23 00:00:00','2015-06-23 23:59:45',2015,174,'2015-06-24 00:00:00',762817,'23af9e92795cc190715997460bea8dd1','ftp://dataworks1:8080/rinex/obs/2015/174/tnam1740.15d.Z'),(49694,119,216,'tnam1740.15n.Z','tnam1740.15n.Z',3,15,'2015-06-23 00:00:00','2015-06-23 23:59:45',2015,174,'2015-06-24 00:00:00',35606,'66bd16d42bcddca3b3e32af71e3ce66f','ftp://dataworks1:8080/rinex/nav/2015/174/tnam1740.15n.Z'),(49695,119,216,'tnam1740.15m.Z','tnam1740.15m.Z',6,15,'2015-06-23 00:00:00','2015-06-23 23:59:45',2015,174,'2015-06-24 00:00:00',67275,'4eb6f1f5d089271f879fbd004ac3456f','ftp://dataworks1:8080/rinex/met/2015/174/tnam1740.15m.Z'),(49696,120,217,'tnat1740.15d.Z','tnat1740.15d.Z',2,15,'2015-06-23 00:00:00','2015-06-23 23:59:45',2015,174,'2015-06-24 00:00:00',760819,'b37e5d6d25972e6ef74de8d75e719b73','ftp://dataworks1:8080/rinex/obs/2015/174/tnat1740.15d.Z'),(49697,120,217,'tnat1740.15n.Z','tnat1740.15n.Z',3,15,'2015-06-23 00:00:00','2015-06-23 23:59:45',2015,174,'2015-06-24 00:00:00',35797,'d90c2a200050cdb5d1c43c92e4543a0a','ftp://dataworks1:8080/rinex/nav/2015/174/tnat1740.15n.Z'),(49698,120,217,'tnat1740.15m.Z','tnat1740.15m.Z',6,15,'2015-06-23 00:00:00','2015-06-23 23:59:45',2015,174,'2015-06-24 00:00:00',66481,'dcb6405f16379374631519a88c86685e','ftp://dataworks1:8080/rinex/met/2015/174/tnat1740.15m.Z'),(49699,120,217,'tnat1750.15d.Z','tnat1750.15d.Z',2,15,'2015-06-24 00:00:00','2015-06-24 23:59:45',2015,175,'2015-06-25 00:00:00',750445,'dec10d94083f70caf81ca46c8ffa3386','ftp://dataworks1:8080/rinex/obs/2015/175/tnat1750.15d.Z'),(49700,120,217,'tnat1750.15n.Z','tnat1750.15n.Z',3,15,'2015-06-24 00:00:00','2015-06-24 23:59:45',2015,175,'2015-06-25 00:00:00',34605,'0202145af690f1f666af6d11a8e70b05','ftp://dataworks1:8080/rinex/nav/2015/175/tnat1750.15n.Z'),(49701,120,217,'tnat1750.15m.Z','tnat1750.15m.Z',6,15,'2015-06-24 00:00:00','2015-06-24 23:59:45',2015,175,'2015-06-25 00:00:00',66067,'eb5ffbcf3e31767a204ff6df7278a38d','ftp://dataworks1:8080/rinex/met/2015/175/tnat1750.15m.Z'),(49702,120,217,'tnat1760.15d.Z','tnat1760.15d.Z',2,15,'2015-06-25 00:00:00','2015-06-25 23:59:45',2015,176,'2015-06-26 00:00:00',743955,'7c3890ff835bc8a431ef1cd8f5254dfc','ftp://dataworks1:8080/rinex/obs/2015/176/tnat1760.15d.Z'),(49703,120,217,'tnat1760.15n.Z','tnat1760.15n.Z',3,15,'2015-06-25 00:00:00','2015-06-25 23:59:45',2015,176,'2015-06-26 00:00:00',33947,'e060141d8588106471205da1ca163c8e','ftp://dataworks1:8080/rinex/nav/2015/176/tnat1760.15n.Z'),(49704,120,217,'tnat1760.15m.Z','tnat1760.15m.Z',6,15,'2015-06-25 00:00:00','2015-06-25 23:59:45',2015,176,'2015-06-26 00:00:00',66367,'5c8a59654ff27a8e7d999c826c1e0368','ftp://dataworks1:8080/rinex/met/2015/176/tnat1760.15m.Z'),(49705,121,218,'tnba1750.15d.Z','tnba1750.15d.Z',2,15,'2015-06-24 00:00:00','2015-06-24 23:59:45',2015,175,'2015-06-25 00:00:00',694013,'9aaa46f4052d771123c084e44e9e32b8','ftp://dataworks1:8080/rinex/obs/2015/175/tnba1750.15d.Z'),(49706,121,218,'tnba1750.15n.Z','tnba1750.15n.Z',3,15,'2015-06-24 00:00:00','2015-06-24 23:59:45',2015,175,'2015-06-25 00:00:00',34693,'2a87ac7446a91060ae4e3609422129cf','ftp://dataworks1:8080/rinex/nav/2015/175/tnba1750.15n.Z'),(49707,121,218,'tnba1750.15m.Z','tnba1750.15m.Z',6,15,'2015-06-24 00:00:00','2015-06-24 23:59:45',2015,175,'2015-06-25 00:00:00',66673,'ac15abaf6a7971e83cfc67b82cb1e144','ftp://dataworks1:8080/rinex/met/2015/175/tnba1750.15m.Z'),(49708,121,218,'tnba1760.15d.Z','tnba1760.15d.Z',2,15,'2015-06-25 00:00:00','2015-06-25 23:59:45',2015,176,'2015-06-26 00:00:00',692485,'f6da550054e96daba9e8abb34054b907','ftp://dataworks1:8080/rinex/obs/2015/176/tnba1760.15d.Z'),(49709,121,218,'tnba1760.15n.Z','tnba1760.15n.Z',3,15,'2015-06-25 00:00:00','2015-06-25 23:59:45',2015,176,'2015-06-26 00:00:00',35409,'494853627f031ebfe10bdd2b40b73adf','ftp://dataworks1:8080/rinex/nav/2015/176/tnba1760.15n.Z'),(49710,121,218,'tnba1760.15m.Z','tnba1760.15m.Z',6,15,'2015-06-25 00:00:00','2015-06-25 23:59:45',2015,176,'2015-06-26 00:00:00',65309,'58a618ad9700350765a570c74b4d96c7','ftp://dataworks1:8080/rinex/met/2015/176/tnba1760.15m.Z'),(49711,121,218,'tnba1740.15d.Z','tnba1740.15d.Z',2,15,'2015-06-23 00:00:00','2015-06-23 23:59:45',2015,174,'2015-06-24 00:00:00',700373,'c26e9482e9be694dc3272278bc65af40','ftp://dataworks1:8080/rinex/obs/2015/174/tnba1740.15d.Z'),(49712,121,218,'tnba1740.15n.Z','tnba1740.15n.Z',3,15,'2015-06-23 00:00:00','2015-06-23 23:59:45',2015,174,'2015-06-24 00:00:00',35313,'e02afc03cfe0da9e96d835b9aba1b145','ftp://dataworks1:8080/rinex/nav/2015/174/tnba1740.15n.Z'),(49713,121,218,'tnba1740.15m.Z','tnba1740.15m.Z',6,15,'2015-06-23 00:00:00','2015-06-23 23:59:45',2015,174,'2015-06-24 00:00:00',66857,'e7b4abe6b2968ec2c4ff9f95ed5feafd','ftp://dataworks1:8080/rinex/met/2015/174/tnba1740.15m.Z'),(49714,122,219,'tncm1740.15d.Z','tncm1740.15d.Z',2,15,'2015-06-23 00:00:00','2015-06-23 23:59:45',2015,174,'2015-06-24 00:00:00',775509,'dd581f14c3c6393788c9cea739a6a06f','ftp://dataworks1:8080/rinex/obs/2015/174/tncm1740.15d.Z'),(49715,122,219,'tncm1740.15n.Z','tncm1740.15n.Z',3,15,'2015-06-23 00:00:00','2015-06-23 23:59:45',2015,174,'2015-06-24 00:00:00',35619,'764a927cab58b4a8c2a6a1551c687521','ftp://dataworks1:8080/rinex/nav/2015/174/tncm1740.15n.Z'),(49716,122,219,'tncm1740.15m.Z','tncm1740.15m.Z',6,15,'2015-06-23 00:00:00','2015-06-23 23:59:45',2015,174,'2015-06-24 00:00:00',64085,'a34dc05320dd7b65422bd5464d26ca8a','ftp://dataworks1:8080/rinex/met/2015/174/tncm1740.15m.Z'),(49717,122,219,'tncm1760.15d.Z','tncm1760.15d.Z',2,15,'2015-06-25 00:00:00','2015-06-25 23:59:45',2015,176,'2015-06-26 00:00:00',759677,'f4ce2715ff15c052d0b6f487031bed6e','ftp://dataworks1:8080/rinex/obs/2015/176/tncm1760.15d.Z'),(49718,122,219,'tncm1760.15n.Z','tncm1760.15n.Z',3,15,'2015-06-25 00:00:00','2015-06-25 23:59:45',2015,176,'2015-06-26 00:00:00',35313,'9dca3b1731fa4be56a3205a861b52a1a','ftp://dataworks1:8080/rinex/nav/2015/176/tncm1760.15n.Z'),(49719,122,219,'tncm1760.15m.Z','tncm1760.15m.Z',6,15,'2015-06-25 00:00:00','2015-06-25 23:59:45',2015,176,'2015-06-26 00:00:00',64749,'b90b6793975314cce705aca9806e685f','ftp://dataworks1:8080/rinex/met/2015/176/tncm1760.15m.Z'),(49720,122,219,'tncm1750.15d.Z','tncm1750.15d.Z',2,15,'2015-06-24 00:00:00','2015-06-24 23:59:45',2015,175,'2015-06-25 00:00:00',765531,'00d2ba03933c4dde5bf3614ad78840b1','ftp://dataworks1:8080/rinex/obs/2015/175/tncm1750.15d.Z'),(49721,122,219,'tncm1750.15n.Z','tncm1750.15n.Z',3,15,'2015-06-24 00:00:00','2015-06-24 23:59:45',2015,175,'2015-06-25 00:00:00',34552,'c8278b5c39d88eb16a8572eb95c35846','ftp://dataworks1:8080/rinex/nav/2015/175/tncm1750.15n.Z'),(49722,122,219,'tncm1750.15m.Z','tncm1750.15m.Z',6,15,'2015-06-24 00:00:00','2015-06-24 23:59:45',2015,175,'2015-06-25 00:00:00',64233,'46740b4f36634c64c0e97c8c7be3dc36','ftp://dataworks1:8080/rinex/met/2015/175/tncm1750.15m.Z'),(49723,123,220,'tncu1760.15d.Z','tncu1760.15d.Z',2,15,'2015-06-25 00:00:00','2015-06-25 23:59:45',2015,176,'2015-06-26 00:00:00',756659,'abefcdfa525b7a33596c2b6d6e4aed12','ftp://dataworks1:8080/rinex/obs/2015/176/tncu1760.15d.Z'),(49724,123,220,'tncu1760.15n.Z','tncu1760.15n.Z',3,15,'2015-06-25 00:00:00','2015-06-25 23:59:45',2015,176,'2015-06-26 00:00:00',36041,'5dd2d2a8bdfc80728ac50a3878c95c41','ftp://dataworks1:8080/rinex/nav/2015/176/tncu1760.15n.Z'),(49725,123,220,'tncu1760.15m.Z','tncu1760.15m.Z',6,15,'2015-06-25 00:00:00','2015-06-25 23:59:45',2015,176,'2015-06-26 00:00:00',18980,'8adf58dd2a2b90370bd54eeb3a3be7b8','ftp://dataworks1:8080/rinex/met/2015/176/tncu1760.15m.Z'),(49726,123,220,'tncu1740.15d.Z','tncu1740.15d.Z',2,15,'2015-06-23 00:00:00','2015-06-23 23:59:45',2015,174,'2015-06-24 00:00:00',764595,'7fbc34a64c1c4c44fe0b27d6f88cd2af','ftp://dataworks1:8080/rinex/obs/2015/174/tncu1740.15d.Z'),(49727,123,220,'tncu1740.15n.Z','tncu1740.15n.Z',3,15,'2015-06-23 00:00:00','2015-06-23 23:59:45',2015,174,'2015-06-24 00:00:00',36287,'7fc9a6b81abc90aaa8ad413924b0647b','ftp://dataworks1:8080/rinex/nav/2015/174/tncu1740.15n.Z'),(49728,123,220,'tncu1740.15m.Z','tncu1740.15m.Z',6,15,'2015-06-23 00:00:00','2015-06-23 23:59:45',2015,174,'2015-06-24 00:00:00',18978,'3781b4db0ffb5b6a8316ecc399c27d80','ftp://dataworks1:8080/rinex/met/2015/174/tncu1740.15m.Z'),(49729,123,220,'tncu1750.15d.Z','tncu1750.15d.Z',2,15,'2015-06-24 00:00:00','2015-06-24 23:59:45',2015,175,'2015-06-25 00:00:00',761177,'2495e0126f5a44fb7138d29b226409a2','ftp://dataworks1:8080/rinex/obs/2015/175/tncu1750.15d.Z'),(49730,123,220,'tncu1750.15n.Z','tncu1750.15n.Z',3,15,'2015-06-24 00:00:00','2015-06-24 23:59:45',2015,175,'2015-06-25 00:00:00',35765,'9ac1eb472eccdb09925c41b4ff0e5dd0','ftp://dataworks1:8080/rinex/nav/2015/175/tncu1750.15n.Z'),(49731,123,220,'tncu1750.15m.Z','tncu1750.15m.Z',6,15,'2015-06-24 00:00:00','2015-06-24 23:59:45',2015,175,'2015-06-25 00:00:00',18681,'a13824e68c9a7f3b717b6229e037acc2','ftp://dataworks1:8080/rinex/met/2015/175/tncu1750.15m.Z'),(49732,124,221,'tnhm1750.15d.Z','tnhm1750.15d.Z',2,15,'2015-06-24 00:00:00','2015-06-24 23:59:45',2015,175,'2015-06-25 00:00:00',727151,'26f78a22c21023fbbd901341ecc07e1a','ftp://dataworks1:8080/rinex/obs/2015/175/tnhm1750.15d.Z'),(49733,124,221,'tnhm1750.15n.Z','tnhm1750.15n.Z',3,15,'2015-06-24 00:00:00','2015-06-24 23:59:45',2015,175,'2015-06-25 00:00:00',36097,'f9c182399c3aafbde72f243c7e90ad09','ftp://dataworks1:8080/rinex/nav/2015/175/tnhm1750.15n.Z'),(49734,124,221,'tnhm1750.15m.Z','tnhm1750.15m.Z',6,15,'2015-06-24 00:00:00','2015-06-24 23:59:45',2015,175,'2015-06-25 00:00:00',18716,'7f57e2f54b89be73611b6ded22208aae','ftp://dataworks1:8080/rinex/met/2015/175/tnhm1750.15m.Z'),(49735,124,221,'tnhm1740.15d.Z','tnhm1740.15d.Z',2,15,'2015-06-23 00:00:00','2015-06-23 23:59:45',2015,174,'2015-06-24 00:00:00',731269,'bedfdf1cb573caadbee3d1487a50a12e','ftp://dataworks1:8080/rinex/obs/2015/174/tnhm1740.15d.Z'),(49736,124,221,'tnhm1740.15n.Z','tnhm1740.15n.Z',3,15,'2015-06-23 00:00:00','2015-06-23 23:59:45',2015,174,'2015-06-24 00:00:00',36549,'052f77709595c06a01ab5ee162e3a8d1','ftp://dataworks1:8080/rinex/nav/2015/174/tnhm1740.15n.Z'),(49737,124,221,'tnhm1740.15m.Z','tnhm1740.15m.Z',6,15,'2015-06-23 00:00:00','2015-06-23 23:59:45',2015,174,'2015-06-24 00:00:00',19200,'3fa8024c82ac5f9aa7214da909100363','ftp://dataworks1:8080/rinex/met/2015/174/tnhm1740.15m.Z'),(49738,124,221,'tnhm1760.15d.Z','tnhm1760.15d.Z',2,15,'2015-06-25 00:00:00','2015-06-25 23:59:45',2015,176,'2015-06-26 00:00:00',724053,'dc976f5155e08211ee697785eb93d8b8','ftp://dataworks1:8080/rinex/obs/2015/176/tnhm1760.15d.Z'),(49739,124,221,'tnhm1760.15n.Z','tnhm1760.15n.Z',3,15,'2015-06-25 00:00:00','2015-06-25 23:59:45',2015,176,'2015-06-26 00:00:00',37031,'fde22d0b008b357b28fd1ad58269ab44','ftp://dataworks1:8080/rinex/nav/2015/176/tnhm1760.15n.Z'),(49740,124,221,'tnhm1760.15m.Z','tnhm1760.15m.Z',6,15,'2015-06-25 00:00:00','2015-06-25 23:59:45',2015,176,'2015-06-26 00:00:00',19265,'759861d2a9413c7274018b3ca4758550','ftp://dataworks1:8080/rinex/met/2015/176/tnhm1760.15m.Z'),(49741,127,224,'tnms1750.15d.Z','tnms1750.15d.Z',2,15,'2015-06-24 00:00:00','2015-06-24 23:59:45',2015,175,'2015-06-25 00:00:00',682750,'131749a9b47a7ba4bc1efcff849c5c47','ftp://dataworks1:8080/rinex/obs/2015/175/tnms1750.15d.Z'),(49742,127,224,'tnms1750.15n.Z','tnms1750.15n.Z',3,15,'2015-06-24 00:00:00','2015-06-24 23:59:45',2015,175,'2015-06-25 00:00:00',33309,'6fc96d96ab19e8b27c7815166f57f95a','ftp://dataworks1:8080/rinex/nav/2015/175/tnms1750.15n.Z'),(49743,127,224,'tnms1750.15m.Z','tnms1750.15m.Z',6,15,'2015-06-24 00:00:00','2015-06-24 23:59:45',2015,175,'2015-06-25 00:00:00',67089,'04e789f7f1930a3b50e2c2e8d95310fa','ftp://dataworks1:8080/rinex/met/2015/175/tnms1750.15m.Z'),(49744,127,224,'tnms1760.15d.Z','tnms1760.15d.Z',2,15,'2015-06-25 00:00:00','2015-06-25 23:59:45',2015,176,'2015-06-26 00:00:00',679324,'bc0330734bbbfff5c60bd4c645793a48','ftp://dataworks1:8080/rinex/obs/2015/176/tnms1760.15d.Z'),(49745,127,224,'tnms1760.15n.Z','tnms1760.15n.Z',3,15,'2015-06-25 00:00:00','2015-06-25 23:59:45',2015,176,'2015-06-26 00:00:00',33352,'d689a6ca919db6e27b3f1ebda4157b46','ftp://dataworks1:8080/rinex/nav/2015/176/tnms1760.15n.Z'),(49746,127,224,'tnms1760.15m.Z','tnms1760.15m.Z',6,15,'2015-06-25 00:00:00','2015-06-25 23:59:45',2015,176,'2015-06-26 00:00:00',64929,'888995a88e70a8b1d2eadb3fb19b8932','ftp://dataworks1:8080/rinex/met/2015/176/tnms1760.15m.Z'),(49747,127,224,'tnms1740.15d.Z','tnms1740.15d.Z',2,15,'2015-06-23 00:00:00','2015-06-23 23:59:45',2015,174,'2015-06-24 00:00:00',694852,'39f5221db4327923f810ff0a2adf2cfd','ftp://dataworks1:8080/rinex/obs/2015/174/tnms1740.15d.Z'),(49748,127,224,'tnms1740.15n.Z','tnms1740.15n.Z',3,15,'2015-06-23 00:00:00','2015-06-23 23:59:45',2015,174,'2015-06-24 00:00:00',34487,'47a5f56e26f1ce8288c938219d2cd24a','ftp://dataworks1:8080/rinex/nav/2015/174/tnms1740.15n.Z'),(49749,127,224,'tnms1740.15m.Z','tnms1740.15m.Z',6,15,'2015-06-23 00:00:00','2015-06-23 23:59:45',2015,174,'2015-06-24 00:00:00',66665,'8ac5d6df80699d5acfe85a5193d28599','ftp://dataworks1:8080/rinex/met/2015/174/tnms1740.15m.Z'),(49750,128,225,'tnnx1750.15d.Z','tnnx1750.15d.Z',2,15,'2015-06-24 00:00:00','2015-06-24 23:59:45',2015,175,'2015-06-25 00:00:00',796518,'c5b2b3b70f3e2b95370c4e0d63c5760e','ftp://dataworks1:8080/rinex/obs/2015/175/tnnx1750.15d.Z'),(49751,128,225,'tnnx1750.15n.Z','tnnx1750.15n.Z',3,15,'2015-06-24 00:00:00','2015-06-24 23:59:45',2015,175,'2015-06-25 00:00:00',35002,'135c2819e267f2dde15b6599bc7e939a','ftp://dataworks1:8080/rinex/nav/2015/175/tnnx1750.15n.Z'),(49752,128,225,'tnnx1750.15m.Z','tnnx1750.15m.Z',6,15,'2015-06-24 00:00:00','2015-06-24 23:59:45',2015,175,'2015-06-25 00:00:00',65561,'1a5acf5075cc62447c35eb2d2395e646','ftp://dataworks1:8080/rinex/met/2015/175/tnnx1750.15m.Z'),(49753,128,225,'tnnx1760.15d.Z','tnnx1760.15d.Z',2,15,'2015-06-25 00:00:00','2015-06-25 23:59:45',2015,176,'2015-06-26 00:00:00',791070,'8b03c8d667b92a93ea96ee1b1df64398','ftp://dataworks1:8080/rinex/obs/2015/176/tnnx1760.15d.Z'),(49754,128,225,'tnnx1760.15n.Z','tnnx1760.15n.Z',3,15,'2015-06-25 00:00:00','2015-06-25 23:59:45',2015,176,'2015-06-26 00:00:00',35480,'56b923bbc6071d287e51f3b03eeba6de','ftp://dataworks1:8080/rinex/nav/2015/176/tnnx1760.15n.Z'),(49755,128,225,'tnnx1760.15m.Z','tnnx1760.15m.Z',6,15,'2015-06-25 00:00:00','2015-06-25 23:59:45',2015,176,'2015-06-26 00:00:00',65625,'bda5c462b045cc188f0a4c76a94fb5c4','ftp://dataworks1:8080/rinex/met/2015/176/tnnx1760.15m.Z'),(49756,128,225,'tnnx1740.15d.Z','tnnx1740.15d.Z',2,15,'2015-06-23 00:00:00','2015-06-23 23:59:45',2015,174,'2015-06-24 00:00:00',805391,'bd49a7629e7aaa638b66bab5a7cf18b0','ftp://dataworks1:8080/rinex/obs/2015/174/tnnx1740.15d.Z'),(49757,128,225,'tnnx1740.15n.Z','tnnx1740.15n.Z',3,15,'2015-06-23 00:00:00','2015-06-23 23:59:45',2015,174,'2015-06-24 00:00:00',35923,'420a60c2dcdbd46f67dfebca42ca1517','ftp://dataworks1:8080/rinex/nav/2015/174/tnnx1740.15n.Z'),(49758,128,225,'tnnx1740.15m.Z','tnnx1740.15m.Z',6,15,'2015-06-23 00:00:00','2015-06-23 23:59:45',2015,174,'2015-06-24 00:00:00',66501,'170fd4279d67f5cc4628128819545700','ftp://dataworks1:8080/rinex/met/2015/174/tnnx1740.15m.Z'),(49759,131,228,'tntb1750.15d.Z','tntb1750.15d.Z',2,15,'2015-06-24 00:00:00','2015-06-24 23:59:45',2015,175,'2015-06-25 00:00:00',753193,'683e4150e7bdc0f1ed08a04594a76270','ftp://dataworks1:8080/rinex/obs/2015/175/tntb1750.15d.Z'),(49760,131,228,'tntb1750.15n.Z','tntb1750.15n.Z',3,15,'2015-06-24 00:00:00','2015-06-24 23:59:45',2015,175,'2015-06-25 00:00:00',36103,'96c87c11da3487bd5ae8b98736edc5c0','ftp://dataworks1:8080/rinex/nav/2015/175/tntb1750.15n.Z'),(49761,131,228,'tntb1750.15m.Z','tntb1750.15m.Z',6,15,'2015-06-24 00:00:00','2015-06-24 23:59:45',2015,175,'2015-06-25 00:00:00',66583,'93639a21a32a30f951dd9b8ad03c0104','ftp://dataworks1:8080/rinex/met/2015/175/tntb1750.15m.Z'),(49762,131,228,'tntb1760.15d.Z','tntb1760.15d.Z',2,15,'2015-06-25 00:00:00','2015-06-25 23:59:45',2015,176,'2015-06-26 00:00:00',749147,'b075a8ab5bb4b9e9164392f951554f1d','ftp://dataworks1:8080/rinex/obs/2015/176/tntb1760.15d.Z'),(49763,131,228,'tntb1760.15n.Z','tntb1760.15n.Z',3,15,'2015-06-25 00:00:00','2015-06-25 23:59:45',2015,176,'2015-06-26 00:00:00',36812,'0b8b39e58291906d267e15bfc7b86201','ftp://dataworks1:8080/rinex/nav/2015/176/tntb1760.15n.Z'),(49764,131,228,'tntb1760.15m.Z','tntb1760.15m.Z',6,15,'2015-06-25 00:00:00','2015-06-25 23:59:45',2015,176,'2015-06-26 00:00:00',65941,'cd86491204220ce54d5e1b79e68c8c50','ftp://dataworks1:8080/rinex/met/2015/176/tntb1760.15m.Z'),(49765,131,228,'tntb1740.15d.Z','tntb1740.15d.Z',2,15,'2015-06-23 00:00:00','2015-06-23 23:59:45',2015,174,'2015-06-24 00:00:00',757977,'03e5849c64933ff8257238ed71a8f3e2','ftp://dataworks1:8080/rinex/obs/2015/174/tntb1740.15d.Z'),(49766,131,228,'tntb1740.15n.Z','tntb1740.15n.Z',3,15,'2015-06-23 00:00:00','2015-06-23 23:59:45',2015,174,'2015-06-24 00:00:00',36731,'489f591d438ae96bbc2030afa3d51c90','ftp://dataworks1:8080/rinex/nav/2015/174/tntb1740.15n.Z'),(49767,131,228,'tntb1740.15m.Z','tntb1740.15m.Z',6,15,'2015-06-23 00:00:00','2015-06-23 23:59:45',2015,174,'2015-06-24 00:00:00',65205,'a849bf67d7f46cdbaf57b5d21d773080','ftp://dataworks1:8080/rinex/met/2015/174/tntb1740.15m.Z'),(49768,132,231,'uagu1760.15d.Z','uagu1760.15d.Z',2,15,'2015-06-25 00:00:00','2015-06-25 23:59:45',2015,176,'2015-06-26 00:00:00',734541,'25d5a596a8f8687b15bc0b176cc2115a','ftp://dataworks1:8080/rinex/obs/2015/176/uagu1760.15d.Z'),(49769,132,231,'uagu1760.15n.Z','uagu1760.15n.Z',3,15,'2015-06-25 00:00:00','2015-06-25 23:59:45',2015,176,'2015-06-26 00:00:00',35445,'e50f432d87699915958455f87232fba8','ftp://dataworks1:8080/rinex/nav/2015/176/uagu1760.15n.Z'),(49770,132,231,'uagu1750.15d.Z','uagu1750.15d.Z',2,15,'2015-06-24 00:00:00','2015-06-24 23:59:45',2015,175,'2015-06-25 00:00:00',731627,'edb5f51222a39301ffbdf6417d9321a6','ftp://dataworks1:8080/rinex/obs/2015/175/uagu1750.15d.Z'),(49771,132,231,'uagu1750.15n.Z','uagu1750.15n.Z',3,15,'2015-06-24 00:00:00','2015-06-24 23:59:45',2015,175,'2015-06-25 00:00:00',34687,'ecf000a08910ddc52a984b065a8bcf35','ftp://dataworks1:8080/rinex/nav/2015/175/uagu1750.15n.Z'),(49772,132,231,'uagu1740.15d.Z','uagu1740.15d.Z',2,15,'2015-06-23 00:00:00','2015-06-23 23:59:45',2015,174,'2015-06-24 00:00:00',743531,'386d3de4bbc6e70132fda9068c0a7e59','ftp://dataworks1:8080/rinex/obs/2015/174/uagu1740.15d.Z'),(49773,132,231,'uagu1740.15n.Z','uagu1740.15n.Z',3,15,'2015-06-23 00:00:00','2015-06-23 23:59:45',2015,174,'2015-06-24 00:00:00',35433,'6adf13cd7bd52f80c46e7e0b2674e628','ftp://dataworks1:8080/rinex/nav/2015/174/uagu1740.15n.Z'),(49774,133,238,'ucoe1740.15d.Z','ucoe1740.15d.Z',2,15,'2015-06-23 00:00:00','2015-06-23 23:59:45',2015,174,'2015-06-24 00:00:00',701164,'381804f1a484344aad78159e54832b96','ftp://dataworks1:8080/rinex/obs/2015/174/ucoe1740.15d.Z'),(49775,133,238,'ucoe1740.15n.Z','ucoe1740.15n.Z',3,15,'2015-06-23 00:00:00','2015-06-23 23:59:45',2015,174,'2015-06-24 00:00:00',31886,'500543aad4567219b3c3298fa77b5b9b','ftp://dataworks1:8080/rinex/nav/2015/174/ucoe1740.15n.Z'),(49776,134,243,'ugeo1740.15d.Z','ugeo1740.15d.Z',2,15,'2015-06-23 00:00:00','2015-06-23 23:59:45',2015,174,'2015-06-24 00:00:00',652080,'02fbe635a585e47c42340eb53ee82558','ftp://dataworks1:8080/rinex/obs/2015/174/ugeo1740.15d.Z'),(49777,134,243,'ugeo1740.15n.Z','ugeo1740.15n.Z',3,15,'2015-06-23 00:00:00','2015-06-23 23:59:45',2015,174,'2015-06-24 00:00:00',33521,'b9f8eaa552298f8c27834dfd723b1433','ftp://dataworks1:8080/rinex/nav/2015/174/ugeo1740.15n.Z'),(49778,134,243,'ugeo1760.15d.Z','ugeo1760.15d.Z',2,15,'2015-06-25 00:00:00','2015-06-25 23:59:45',2015,176,'2015-06-26 00:00:00',643805,'6f715dfb460b6c458798545448eb6fae','ftp://dataworks1:8080/rinex/obs/2015/176/ugeo1760.15d.Z'),(49779,134,243,'ugeo1760.15n.Z','ugeo1760.15n.Z',3,15,'2015-06-25 00:00:00','2015-06-25 23:59:45',2015,176,'2015-06-26 00:00:00',33086,'21dca7b2b7d1196d0e98b79072ee4d7e','ftp://dataworks1:8080/rinex/nav/2015/176/ugeo1760.15n.Z'),(49780,134,243,'ugeo1750.15d.Z','ugeo1750.15d.Z',2,15,'2015-06-24 00:00:00','2015-06-24 23:59:45',2015,175,'2015-06-25 00:00:00',644045,'cfe68edf8c6a86fb024bd41dffc749b9','ftp://dataworks1:8080/rinex/obs/2015/175/ugeo1750.15d.Z'),(49781,134,243,'ugeo1750.15n.Z','ugeo1750.15n.Z',3,15,'2015-06-24 00:00:00','2015-06-24 23:59:45',2015,175,'2015-06-25 00:00:00',32403,'42a8f6e0c7b8476eb40350a9560ce470','ftp://dataworks1:8080/rinex/nav/2015/175/ugeo1750.15n.Z'),(49782,135,247,'usmx1740.15d.Z','usmx1740.15d.Z',2,15,'2015-06-23 00:00:00','2015-06-23 23:59:45',2015,174,'2015-06-24 00:00:00',673023,'abb7a14cfc52810c06d56194b7d55b49','ftp://dataworks1:8080/rinex/obs/2015/174/usmx1740.15d.Z'),(49783,135,247,'usmx1740.15n.Z','usmx1740.15n.Z',3,15,'2015-06-23 00:00:00','2015-06-23 23:59:45',2015,174,'2015-06-24 00:00:00',34252,'0a018029f5ad7a66d2e6f83b070f6efc','ftp://dataworks1:8080/rinex/nav/2015/174/usmx1740.15n.Z'),(49784,135,247,'usmx1740.15m.Z','usmx1740.15m.Z',6,15,'2015-06-23 00:00:00','2015-06-23 23:59:45',2015,174,'2015-06-24 00:00:00',19188,'3a3bacec7570090b4c01b086ac2ee871','ftp://dataworks1:8080/rinex/met/2015/174/usmx1740.15m.Z'),(49785,135,247,'usmx1760.15d.Z','usmx1760.15d.Z',2,15,'2015-06-25 00:00:00','2015-06-25 23:59:45',2015,176,'2015-06-26 00:00:00',658057,'8161994b253c716ea18536c8fb5a7412','ftp://dataworks1:8080/rinex/obs/2015/176/usmx1760.15d.Z'),(49786,135,247,'usmx1760.15n.Z','usmx1760.15n.Z',3,15,'2015-06-25 00:00:00','2015-06-25 23:59:45',2015,176,'2015-06-26 00:00:00',34237,'654d0b8e247a530974814dce565e912f','ftp://dataworks1:8080/rinex/nav/2015/176/usmx1760.15n.Z'),(49787,135,247,'usmx1760.15m.Z','usmx1760.15m.Z',6,15,'2015-06-25 00:00:00','2015-06-25 23:59:45',2015,176,'2015-06-26 00:00:00',18826,'4c7d8180d379b5be50f14b36fbab3dfa','ftp://dataworks1:8080/rinex/met/2015/176/usmx1760.15m.Z'),(49788,135,247,'usmx1750.15d.Z','usmx1750.15d.Z',2,15,'2015-06-24 00:00:00','2015-06-24 23:59:45',2015,175,'2015-06-25 00:00:00',660047,'02cf332cc871eaf6852539848bf268ef','ftp://dataworks1:8080/rinex/obs/2015/175/usmx1750.15d.Z'),(49789,135,247,'usmx1750.15n.Z','usmx1750.15n.Z',3,15,'2015-06-24 00:00:00','2015-06-24 23:59:45',2015,175,'2015-06-25 00:00:00',33530,'f7a967ae42031da4522a3e48f29abc81','ftp://dataworks1:8080/rinex/nav/2015/175/usmx1750.15n.Z'),(49790,135,247,'usmx1750.15m.Z','usmx1750.15m.Z',6,15,'2015-06-24 00:00:00','2015-06-24 23:59:45',2015,175,'2015-06-25 00:00:00',19144,'ed82bfd2aea0ee3376d2aa0bc9ab9441','ftp://dataworks1:8080/rinex/met/2015/175/usmx1750.15m.Z'),(49791,136,254,'uton1760.15d.Z','uton1760.15d.Z',2,15,'2015-06-25 00:00:00','2015-06-25 23:59:45',2015,176,'2015-06-26 00:00:00',712906,'8e55148639f9f783251f11935f87daeb','ftp://dataworks1:8080/rinex/obs/2015/176/uton1760.15d.Z'),(49792,136,254,'uton1760.15n.Z','uton1760.15n.Z',3,15,'2015-06-25 00:00:00','2015-06-25 23:59:45',2015,176,'2015-06-26 00:00:00',35002,'30cf44995b31a49f97a05043735887ab','ftp://dataworks1:8080/rinex/nav/2015/176/uton1760.15n.Z'),(49793,136,254,'uton1750.15d.Z','uton1750.15d.Z',2,15,'2015-06-24 00:00:00','2015-06-24 23:59:45',2015,175,'2015-06-25 00:00:00',721512,'2b300fe80ca63b2bab0fc67a58f2ef95','ftp://dataworks1:8080/rinex/obs/2015/175/uton1750.15d.Z'),(49794,136,254,'uton1750.15n.Z','uton1750.15n.Z',3,15,'2015-06-24 00:00:00','2015-06-24 23:59:45',2015,175,'2015-06-25 00:00:00',33813,'d08462a38f0dbdf02b2a8c02a50dbcb8','ftp://dataworks1:8080/rinex/nav/2015/175/uton1750.15n.Z'),(49795,136,254,'uton1740.15d.Z','uton1740.15d.Z',2,15,'2015-06-23 00:00:00','2015-06-23 23:59:45',2015,174,'2015-06-24 00:00:00',722555,'3d513762fa5aa49dbbd9f5f4cd659da6','ftp://dataworks1:8080/rinex/obs/2015/174/uton1740.15d.Z'),(49796,136,254,'uton1740.15n.Z','uton1740.15n.Z',3,15,'2015-06-23 00:00:00','2015-06-23 23:59:45',2015,174,'2015-06-24 00:00:00',34983,'004e42f335a067a9cc9a7858011b1d59','ftp://dataworks1:8080/rinex/nav/2015/174/uton1740.15n.Z'),(49797,137,259,'uxal1750.15d.Z','uxal1750.15d.Z',2,15,'2015-06-24 00:00:00','2015-06-24 23:59:45',2015,175,'2015-06-25 00:00:00',590568,'e1748b009c0c65f7ad9f715ef1ec1d8f','ftp://dataworks1:8080/rinex/obs/2015/175/uxal1750.15d.Z'),(49798,137,259,'uxal1750.15n.Z','uxal1750.15n.Z',3,15,'2015-06-24 00:00:00','2015-06-24 23:59:45',2015,175,'2015-06-25 00:00:00',29792,'a56152ca735fd4cfe49b654f22624562','ftp://dataworks1:8080/rinex/nav/2015/175/uxal1750.15n.Z'),(49799,137,259,'uxal1740.15d.Z','uxal1740.15d.Z',2,15,'2015-06-23 00:00:00','2015-06-23 23:59:45',2015,174,'2015-06-24 00:00:00',598523,'98a2f080770d5d03a74017f47f064317','ftp://dataworks1:8080/rinex/obs/2015/174/uxal1740.15d.Z'),(49800,137,259,'uxal1740.15n.Z','uxal1740.15n.Z',3,15,'2015-06-23 00:00:00','2015-06-23 23:59:45',2015,174,'2015-06-24 00:00:00',31008,'b095c52b6960ed0856c2b25761d66913','ftp://dataworks1:8080/rinex/nav/2015/174/uxal1740.15n.Z'),(49801,137,259,'uxal1760.15d.Z','uxal1760.15d.Z',2,15,'2015-06-25 00:00:00','2015-06-25 23:59:45',2015,176,'2015-06-26 00:00:00',592327,'562701e14e392b82b7bd9e5de16e7d60','ftp://dataworks1:8080/rinex/obs/2015/176/uxal1760.15d.Z'),(49802,137,259,'uxal1760.15n.Z','uxal1760.15n.Z',3,15,'2015-06-25 00:00:00','2015-06-25 23:59:45',2015,176,'2015-06-26 00:00:00',30857,'86e1eb704e8f484dbbb9e560cd1e61e7','ftp://dataworks1:8080/rinex/nav/2015/176/uxal1760.15n.Z'),(49803,138,263,'yesx1740.15d.Z','yesx1740.15d.Z',2,15,'2015-06-23 00:00:00','2015-06-23 23:59:45',2015,174,'2015-06-24 00:00:00',662497,'90450637257ab2b770fe1e9fe8263204','ftp://dataworks1:8080/rinex/obs/2015/174/yesx1740.15d.Z'),(49804,138,263,'yesx1740.15n.Z','yesx1740.15n.Z',3,15,'2015-06-23 00:00:00','2015-06-23 23:59:45',2015,174,'2015-06-24 00:00:00',33776,'b6f0fa8e09e67021fc2c169dc99bc3a0','ftp://dataworks1:8080/rinex/nav/2015/174/yesx1740.15n.Z'),(49805,138,263,'yesx1740.15m.Z','yesx1740.15m.Z',6,15,'2015-06-23 00:00:00','2015-06-23 23:59:45',2015,174,'2015-06-24 00:00:00',68315,'798c7785a99181e36efcc6f17b0423f7','ftp://dataworks1:8080/rinex/met/2015/174/yesx1740.15m.Z'),(49806,138,263,'yesx1750.15d.Z','yesx1750.15d.Z',2,15,'2015-06-24 00:00:00','2015-06-24 23:59:45',2015,175,'2015-06-25 00:00:00',658154,'f2983421de94701126838c1cc8fb8c3e','ftp://dataworks1:8080/rinex/obs/2015/175/yesx1750.15d.Z'),(49807,138,263,'yesx1750.15n.Z','yesx1750.15n.Z',3,15,'2015-06-24 00:00:00','2015-06-24 23:59:45',2015,175,'2015-06-25 00:00:00',33828,'bf05cd9af97b61b39581449ad207a02b','ftp://dataworks1:8080/rinex/nav/2015/175/yesx1750.15n.Z'),(49808,138,263,'yesx1750.15m.Z','yesx1750.15m.Z',6,15,'2015-06-24 00:00:00','2015-06-24 23:59:45',2015,175,'2015-06-25 00:00:00',68079,'672135e230d6ea8be7d6b2768589fc60','ftp://dataworks1:8080/rinex/met/2015/175/yesx1750.15m.Z'),(49809,138,263,'yesx1760.15d.Z','yesx1760.15d.Z',2,15,'2015-06-25 00:00:00','2015-06-25 23:59:45',2015,176,'2015-06-26 00:00:00',651397,'75f45ff005a3aa256d8906b63e8668ab','ftp://dataworks1:8080/rinex/obs/2015/176/yesx1760.15d.Z'),(49810,138,263,'yesx1760.15n.Z','yesx1760.15n.Z',3,15,'2015-06-25 00:00:00','2015-06-25 23:59:45',2015,176,'2015-06-26 00:00:00',34612,'40aeb6beed76e3351e5997024f87705d','ftp://dataworks1:8080/rinex/nav/2015/176/yesx1760.15n.Z'),(49811,138,263,'yesx1760.15m.Z','yesx1760.15m.Z',6,15,'2015-06-25 00:00:00','2015-06-25 23:59:45',2015,176,'2015-06-26 00:00:00',65255,'520ce93ef21a66ff326e1190be66843e','ftp://dataworks1:8080/rinex/met/2015/176/yesx1760.15m.Z'),(49812,115,210,'oxpe1720.15d.Z','oxpe1720.15d.Z',2,15,'2015-06-21 00:00:00','2015-06-21 23:59:45',2015,172,'2015-06-22 00:00:00',658919,'efbb80a45a72fec53f706858b7c86177','ftp://dataworks1:8080/rinex/obs/2015/172/oxpe1720.15d.Z'),(49813,115,210,'oxpe1720.15n.Z','oxpe1720.15n.Z',3,15,'2015-06-21 00:00:00','2015-06-21 23:59:45',2015,172,'2015-06-22 00:00:00',33371,'2422c05064268fc253883b9797615c93','ftp://dataworks1:8080/rinex/nav/2015/172/oxpe1720.15n.Z'),(49814,115,210,'oxpe1710.15d.Z','oxpe1710.15d.Z',2,15,'2015-06-20 00:00:00','2015-06-20 23:59:45',2015,171,'2015-06-21 00:00:00',665531,'7a100e8b62c996e9bd2854e4920dd3ac','ftp://dataworks1:8080/rinex/obs/2015/171/oxpe1710.15d.Z'),(49815,115,210,'oxpe1710.15n.Z','oxpe1710.15n.Z',3,15,'2015-06-20 00:00:00','2015-06-20 23:59:45',2015,171,'2015-06-21 00:00:00',32812,'76d22ddf22af4d978e07d4ebaffb024b','ftp://dataworks1:8080/rinex/nav/2015/171/oxpe1710.15n.Z'),(49816,115,210,'oxpe1700.15d.Z','oxpe1700.15d.Z',2,15,'2015-06-19 00:00:00','2015-06-19 23:59:45',2015,170,'2015-06-20 00:00:00',650982,'3351f9ba08ac62136d3e79f49a6a4e43','ftp://dataworks1:8080/rinex/obs/2015/170/oxpe1700.15d.Z'),(49817,115,210,'oxpe1700.15n.Z','oxpe1700.15n.Z',3,15,'2015-06-19 00:00:00','2015-06-19 23:59:45',2015,170,'2015-06-20 00:00:00',33392,'ad110f9ae4626878964fd1eed894c941','ftp://dataworks1:8080/rinex/nav/2015/170/oxpe1700.15n.Z'),(49818,115,210,'oxpe1690.15d.Z','oxpe1690.15d.Z',2,15,'2015-06-18 00:00:00','2015-06-18 23:59:45',2015,169,'2015-06-19 00:00:00',661761,'56bb16769d06e22a6f44bfac9a07b5c7','ftp://dataworks1:8080/rinex/obs/2015/169/oxpe1690.15d.Z'),(49819,115,210,'oxpe1690.15n.Z','oxpe1690.15n.Z',3,15,'2015-06-18 00:00:00','2015-06-18 23:59:45',2015,169,'2015-06-19 00:00:00',32747,'d30eeba435b035c045bea60a35bb5b6e','ftp://dataworks1:8080/rinex/nav/2015/169/oxpe1690.15n.Z'),(49820,115,210,'oxpe1730.15d.Z','oxpe1730.15d.Z',2,15,'2015-06-22 00:00:00','2015-06-22 23:59:45',2015,173,'2015-06-23 00:00:00',668075,'4125b0774f8963f8fa0dc0e07110027f','ftp://dataworks1:8080/rinex/obs/2015/173/oxpe1730.15d.Z'),(49821,115,210,'oxpe1730.15n.Z','oxpe1730.15n.Z',3,15,'2015-06-22 00:00:00','2015-06-22 23:59:45',2015,173,'2015-06-23 00:00:00',33182,'3b2ec174666add27e39d9e8e8bd83cb1','ftp://dataworks1:8080/rinex/nav/2015/173/oxpe1730.15n.Z'),(49822,116,212,'oxth1700.15d.Z','oxth1700.15d.Z',2,15,'2015-06-19 00:00:00','2015-06-19 23:59:45',2015,170,'2015-06-20 00:00:00',677110,'1714fc1dc581da25c82aac4883d35687','ftp://dataworks1:8080/rinex/obs/2015/170/oxth1700.15d.Z'),(49823,116,212,'oxth1700.15n.Z','oxth1700.15n.Z',3,15,'2015-06-19 00:00:00','2015-06-19 23:59:45',2015,170,'2015-06-20 00:00:00',35072,'bf499c71fa2210619d61b4bb25347df1','ftp://dataworks1:8080/rinex/nav/2015/170/oxth1700.15n.Z'),(49824,116,212,'oxth1720.15d.Z','oxth1720.15d.Z',2,15,'2015-06-21 00:00:00','2015-06-21 23:59:45',2015,172,'2015-06-22 00:00:00',689821,'bc37e7e7899a2cafb975603e1e64a453','ftp://dataworks1:8080/rinex/obs/2015/172/oxth1720.15d.Z'),(49825,116,212,'oxth1720.15n.Z','oxth1720.15n.Z',3,15,'2015-06-21 00:00:00','2015-06-21 23:59:45',2015,172,'2015-06-22 00:00:00',34218,'553a6e0ab7bcfc08ba7308954449b69d','ftp://dataworks1:8080/rinex/nav/2015/172/oxth1720.15n.Z'),(49826,116,212,'oxth1730.15d.Z','oxth1730.15d.Z',2,15,'2015-06-22 00:00:00','2015-06-22 23:59:45',2015,173,'2015-06-23 00:00:00',693404,'38e77aa5b44eb92727ffb50f6fddd38a','ftp://dataworks1:8080/rinex/obs/2015/173/oxth1730.15d.Z'),(49827,116,212,'oxth1730.15n.Z','oxth1730.15n.Z',3,15,'2015-06-22 00:00:00','2015-06-22 23:59:45',2015,173,'2015-06-23 00:00:00',34128,'5837fb498f43e0effb1e8c05915cd0ae','ftp://dataworks1:8080/rinex/nav/2015/173/oxth1730.15n.Z'),(49828,116,212,'oxth1690.15d.Z','oxth1690.15d.Z',2,15,'2015-06-18 00:00:00','2015-06-18 23:59:45',2015,169,'2015-06-19 00:00:00',688839,'beabc55ae279ce72f0d839b35641898d','ftp://dataworks1:8080/rinex/obs/2015/169/oxth1690.15d.Z'),(49829,116,212,'oxth1690.15n.Z','oxth1690.15n.Z',3,15,'2015-06-18 00:00:00','2015-06-18 23:59:45',2015,169,'2015-06-19 00:00:00',33842,'01db87acad332919b78cc3a5448d48b0','ftp://dataworks1:8080/rinex/nav/2015/169/oxth1690.15n.Z'),(49830,116,212,'oxth1710.15d.Z','oxth1710.15d.Z',2,15,'2015-06-20 00:00:00','2015-06-20 23:59:45',2015,171,'2015-06-21 00:00:00',695211,'8329fa883270ebf43ac6c2f01c36c3db','ftp://dataworks1:8080/rinex/obs/2015/171/oxth1710.15d.Z'),(49831,116,212,'oxth1710.15n.Z','oxth1710.15n.Z',3,15,'2015-06-20 00:00:00','2015-06-20 23:59:45',2015,171,'2015-06-21 00:00:00',33341,'4f27fe007f82f245c222d9657ae152b6','ftp://dataworks1:8080/rinex/nav/2015/171/oxth1710.15n.Z'),(49832,117,214,'oxum1720.15d.Z','oxum1720.15d.Z',2,15,'2015-06-21 00:00:00','2015-06-21 23:59:45',2015,172,'2015-06-22 00:00:00',690660,'ba76beb49dce6196d6e96b8a1d2d98bd','ftp://dataworks1:8080/rinex/obs/2015/172/oxum1720.15d.Z'),(49833,117,214,'oxum1720.15n.Z','oxum1720.15n.Z',3,15,'2015-06-21 00:00:00','2015-06-21 23:59:45',2015,172,'2015-06-22 00:00:00',34072,'9a0ecc2f67dcfa6f3dd09edf55d1fa85','ftp://dataworks1:8080/rinex/nav/2015/172/oxum1720.15n.Z'),(49834,117,214,'oxum1730.15d.Z','oxum1730.15d.Z',2,15,'2015-06-22 00:00:00','2015-06-22 23:59:45',2015,173,'2015-06-23 00:00:00',695624,'60ac4b5ced329d2b1d0b1e8dce6b8e97','ftp://dataworks1:8080/rinex/obs/2015/173/oxum1730.15d.Z'),(49835,117,214,'oxum1730.15n.Z','oxum1730.15n.Z',3,15,'2015-06-22 00:00:00','2015-06-22 23:59:45',2015,173,'2015-06-23 00:00:00',34164,'5d2ea323473b8ce16c750d75c6ec1bf7','ftp://dataworks1:8080/rinex/nav/2015/173/oxum1730.15n.Z'),(49836,117,214,'oxum1710.15d.Z','oxum1710.15d.Z',2,15,'2015-06-20 00:00:00','2015-06-20 23:59:45',2015,171,'2015-06-21 00:00:00',697134,'5353fdd0ff48c9c38002852811ff6e89','ftp://dataworks1:8080/rinex/obs/2015/171/oxum1710.15d.Z'),(49837,117,214,'oxum1710.15n.Z','oxum1710.15n.Z',3,15,'2015-06-20 00:00:00','2015-06-20 23:59:45',2015,171,'2015-06-21 00:00:00',33356,'6c0853ddacad39ddc773e175447702de','ftp://dataworks1:8080/rinex/nav/2015/171/oxum1710.15n.Z'),(49838,117,214,'oxum1690.15d.Z','oxum1690.15d.Z',2,15,'2015-06-18 00:00:00','2015-06-18 23:59:45',2015,169,'2015-06-19 00:00:00',686973,'b2492976659df52c24ca07c912443e42','ftp://dataworks1:8080/rinex/obs/2015/169/oxum1690.15d.Z'),(49839,117,214,'oxum1690.15n.Z','oxum1690.15n.Z',3,15,'2015-06-18 00:00:00','2015-06-18 23:59:45',2015,169,'2015-06-19 00:00:00',33695,'7abca695eeb3878605a6e796b7b98806','ftp://dataworks1:8080/rinex/nav/2015/169/oxum1690.15n.Z'),(49840,117,214,'oxum1700.15d.Z','oxum1700.15d.Z',2,15,'2015-06-19 00:00:00','2015-06-19 23:59:45',2015,170,'2015-06-20 00:00:00',677501,'106a427f985687a2ecbd4b1fd65bbd46','ftp://dataworks1:8080/rinex/obs/2015/170/oxum1700.15d.Z'),(49841,117,214,'oxum1700.15n.Z','oxum1700.15n.Z',3,15,'2015-06-19 00:00:00','2015-06-19 23:59:45',2015,170,'2015-06-20 00:00:00',34614,'ec02e32e776bbd14e529698957fe8a81','ftp://dataworks1:8080/rinex/nav/2015/170/oxum1700.15n.Z'),(49842,118,215,'tnal1710.15d.Z','tnal1710.15d.Z',2,15,'2015-06-20 00:00:00','2015-06-20 23:59:45',2015,171,'2015-06-21 00:00:00',752585,'5c018973109c98a77bc29267e42401ee','ftp://dataworks1:8080/rinex/obs/2015/171/tnal1710.15d.Z'),(49843,118,215,'tnal1710.15n.Z','tnal1710.15n.Z',3,15,'2015-06-20 00:00:00','2015-06-20 23:59:45',2015,171,'2015-06-21 00:00:00',34813,'49e1e4e0aa2cae80ee1a0e3ad1beea5d','ftp://dataworks1:8080/rinex/nav/2015/171/tnal1710.15n.Z'),(49844,118,215,'tnal1710.15m.Z','tnal1710.15m.Z',6,15,'2015-06-20 00:00:00','2015-06-20 23:59:45',2015,171,'2015-06-21 00:00:00',62523,'7beb8a8a776a6ee30a66a4cfad89312a','ftp://dataworks1:8080/rinex/met/2015/171/tnal1710.15m.Z'),(49845,118,215,'tnal1730.15d.Z','tnal1730.15d.Z',2,15,'2015-06-22 00:00:00','2015-06-22 23:59:45',2015,173,'2015-06-23 00:00:00',755165,'b878336cc68a306dc1d50226bcde6a8e','ftp://dataworks1:8080/rinex/obs/2015/173/tnal1730.15d.Z'),(49846,118,215,'tnal1730.15n.Z','tnal1730.15n.Z',3,15,'2015-06-22 00:00:00','2015-06-22 23:59:45',2015,173,'2015-06-23 00:00:00',35891,'43c7a2377f1e856dfc7fc0b53a12c4eb','ftp://dataworks1:8080/rinex/nav/2015/173/tnal1730.15n.Z'),(49847,118,215,'tnal1730.15m.Z','tnal1730.15m.Z',6,15,'2015-06-22 00:00:00','2015-06-22 23:59:45',2015,173,'2015-06-23 00:00:00',64087,'66c10327a916b475eadbd2ca50c8a5ca','ftp://dataworks1:8080/rinex/met/2015/173/tnal1730.15m.Z'),(49848,118,215,'tnal1690.15d.Z','tnal1690.15d.Z',2,15,'2015-06-18 00:00:00','2015-06-18 23:59:45',2015,169,'2015-06-19 00:00:00',751417,'4eccaf8910264e7b8b9713c3882dbded','ftp://dataworks1:8080/rinex/obs/2015/169/tnal1690.15d.Z'),(49849,118,215,'tnal1690.15n.Z','tnal1690.15n.Z',3,15,'2015-06-18 00:00:00','2015-06-18 23:59:45',2015,169,'2015-06-19 00:00:00',36063,'517e47b0e7a441a37e5573a5cfebd8f8','ftp://dataworks1:8080/rinex/nav/2015/169/tnal1690.15n.Z'),(49850,118,215,'tnal1690.15m.Z','tnal1690.15m.Z',6,15,'2015-06-18 00:00:00','2015-06-18 23:59:45',2015,169,'2015-06-19 00:00:00',63607,'799d389381ec716874baf8aa36717a4f','ftp://dataworks1:8080/rinex/met/2015/169/tnal1690.15m.Z'),(49851,118,215,'tnal1700.15d.Z','tnal1700.15d.Z',2,15,'2015-06-19 00:00:00','2015-06-19 23:59:45',2015,170,'2015-06-20 00:00:00',734598,'8f7ec1ca55e21e35370615b4599ddfb3','ftp://dataworks1:8080/rinex/obs/2015/170/tnal1700.15d.Z'),(49852,118,215,'tnal1700.15n.Z','tnal1700.15n.Z',3,15,'2015-06-19 00:00:00','2015-06-19 23:59:45',2015,170,'2015-06-20 00:00:00',36358,'0793eeb354376054d2897ad6404f89ea','ftp://dataworks1:8080/rinex/nav/2015/170/tnal1700.15n.Z'),(49853,118,215,'tnal1700.15m.Z','tnal1700.15m.Z',6,15,'2015-06-19 00:00:00','2015-06-19 23:59:45',2015,170,'2015-06-20 00:00:00',64599,'5eb61887f3b81bbeed33b9850e013e63','ftp://dataworks1:8080/rinex/met/2015/170/tnal1700.15m.Z'),(49854,118,215,'tnal1720.15d.Z','tnal1720.15d.Z',2,15,'2015-06-21 00:00:00','2015-06-21 23:59:45',2015,172,'2015-06-22 00:00:00',753299,'6e361fc1cfdcf1cac72c0426b8a89330','ftp://dataworks1:8080/rinex/obs/2015/172/tnal1720.15d.Z'),(49855,118,215,'tnal1720.15n.Z','tnal1720.15n.Z',3,15,'2015-06-21 00:00:00','2015-06-21 23:59:45',2015,172,'2015-06-22 00:00:00',35381,'9249f511c5214256a950eaaa724f2085','ftp://dataworks1:8080/rinex/nav/2015/172/tnal1720.15n.Z'),(49856,118,215,'tnal1720.15m.Z','tnal1720.15m.Z',6,15,'2015-06-21 00:00:00','2015-06-21 23:59:45',2015,172,'2015-06-22 00:00:00',64343,'a63d9161c25798a9928336acfc9f26f1','ftp://dataworks1:8080/rinex/met/2015/172/tnal1720.15m.Z'),(49857,119,216,'tnam1730.15d.Z','tnam1730.15d.Z',2,15,'2015-06-22 00:00:00','2015-06-22 23:59:45',2015,173,'2015-06-23 00:00:00',757749,'bb198601eab5cddb6519a744c32d9245','ftp://dataworks1:8080/rinex/obs/2015/173/tnam1730.15d.Z'),(49858,119,216,'tnam1730.15n.Z','tnam1730.15n.Z',3,15,'2015-06-22 00:00:00','2015-06-22 23:59:45',2015,173,'2015-06-23 00:00:00',35775,'cc548a4ded10dfaab411482049692f6f','ftp://dataworks1:8080/rinex/nav/2015/173/tnam1730.15n.Z'),(49859,119,216,'tnam1730.15m.Z','tnam1730.15m.Z',6,15,'2015-06-22 00:00:00','2015-06-22 23:59:45',2015,173,'2015-06-23 00:00:00',66563,'d1156b6b099920dc5f9f43baa6d6cea7','ftp://dataworks1:8080/rinex/met/2015/173/tnam1730.15m.Z'),(49860,119,216,'tnam1690.15d.Z','tnam1690.15d.Z',2,15,'2015-06-18 00:00:00','2015-06-18 23:59:45',2015,169,'2015-06-19 00:00:00',755345,'5bf4247e0a1c847a169bed410fdaaa7c','ftp://dataworks1:8080/rinex/obs/2015/169/tnam1690.15d.Z'),(49861,119,216,'tnam1690.15n.Z','tnam1690.15n.Z',3,15,'2015-06-18 00:00:00','2015-06-18 23:59:45',2015,169,'2015-06-19 00:00:00',35658,'a74020093cc5818efcc56b001c572e3e','ftp://dataworks1:8080/rinex/nav/2015/169/tnam1690.15n.Z'),(49862,119,216,'tnam1690.15m.Z','tnam1690.15m.Z',6,15,'2015-06-18 00:00:00','2015-06-18 23:59:45',2015,169,'2015-06-19 00:00:00',65859,'22f682813259e3a27ca22cd273b29380','ftp://dataworks1:8080/rinex/met/2015/169/tnam1690.15m.Z'),(49863,119,216,'tnam1700.15d.Z','tnam1700.15d.Z',2,15,'2015-06-19 00:00:00','2015-06-19 23:59:45',2015,170,'2015-06-20 00:00:00',749913,'a5c3242d1d4bca9b4da4a0f681b01bf4','ftp://dataworks1:8080/rinex/obs/2015/170/tnam1700.15d.Z'),(49864,119,216,'tnam1700.15n.Z','tnam1700.15n.Z',3,15,'2015-06-19 00:00:00','2015-06-19 23:59:45',2015,170,'2015-06-20 00:00:00',36512,'282f9e08e3f5c73821fd107b3004eb27','ftp://dataworks1:8080/rinex/nav/2015/170/tnam1700.15n.Z'),(49865,119,216,'tnam1700.15m.Z','tnam1700.15m.Z',6,15,'2015-06-19 00:00:00','2015-06-19 23:59:45',2015,170,'2015-06-20 00:00:00',66147,'a66724674f8c0242637c07ae2d7e2567','ftp://dataworks1:8080/rinex/met/2015/170/tnam1700.15m.Z'),(49866,119,216,'tnam1710.15d.Z','tnam1710.15d.Z',2,15,'2015-06-20 00:00:00','2015-06-20 23:59:45',2015,171,'2015-06-21 00:00:00',755147,'4d7b9c6935258f9150f0f7be8305ae61','ftp://dataworks1:8080/rinex/obs/2015/171/tnam1710.15d.Z'),(49867,119,216,'tnam1710.15n.Z','tnam1710.15n.Z',3,15,'2015-06-20 00:00:00','2015-06-20 23:59:45',2015,171,'2015-06-21 00:00:00',35544,'dfdd21adf52efe25ab83cdd19b2a41bd','ftp://dataworks1:8080/rinex/nav/2015/171/tnam1710.15n.Z'),(49868,119,216,'tnam1710.15m.Z','tnam1710.15m.Z',6,15,'2015-06-20 00:00:00','2015-06-20 23:59:45',2015,171,'2015-06-21 00:00:00',66425,'8c04b9f0a083db294a6d40e791b2d59a','ftp://dataworks1:8080/rinex/met/2015/171/tnam1710.15m.Z'),(49869,119,216,'tnam1720.15d.Z','tnam1720.15d.Z',2,15,'2015-06-21 00:00:00','2015-06-21 23:59:45',2015,172,'2015-06-22 00:00:00',756645,'fd45396f7edd2eb09ec0c3b29139af0d','ftp://dataworks1:8080/rinex/obs/2015/172/tnam1720.15d.Z'),(49870,119,216,'tnam1720.15n.Z','tnam1720.15n.Z',3,15,'2015-06-21 00:00:00','2015-06-21 23:59:45',2015,172,'2015-06-22 00:00:00',35424,'c2fda473ccc98a81ff0b86734a8280f1','ftp://dataworks1:8080/rinex/nav/2015/172/tnam1720.15n.Z'),(49871,119,216,'tnam1720.15m.Z','tnam1720.15m.Z',6,15,'2015-06-21 00:00:00','2015-06-21 23:59:45',2015,172,'2015-06-22 00:00:00',65643,'b6d83efecd1ef1bf82a5c1234f80f412','ftp://dataworks1:8080/rinex/met/2015/172/tnam1720.15m.Z'),(49872,120,217,'tnat1710.15d.Z','tnat1710.15d.Z',2,15,'2015-06-20 00:00:00','2015-06-20 23:59:45',2015,171,'2015-06-21 00:00:00',757393,'ead4ae13cf2ea95b209e5dd76c25f1ad','ftp://dataworks1:8080/rinex/obs/2015/171/tnat1710.15d.Z'),(49873,120,217,'tnat1710.15n.Z','tnat1710.15n.Z',3,15,'2015-06-20 00:00:00','2015-06-20 23:59:45',2015,171,'2015-06-21 00:00:00',35437,'b3183ab81a91dd24c6d540995fcf56db','ftp://dataworks1:8080/rinex/nav/2015/171/tnat1710.15n.Z'),(49874,120,217,'tnat1710.15m.Z','tnat1710.15m.Z',6,15,'2015-06-20 00:00:00','2015-06-20 23:59:45',2015,171,'2015-06-21 00:00:00',65813,'07a66a8f6ce440978c136bd902d12df8','ftp://dataworks1:8080/rinex/met/2015/171/tnat1710.15m.Z'),(49875,120,217,'tnat1730.15d.Z','tnat1730.15d.Z',2,15,'2015-06-22 00:00:00','2015-06-22 23:59:45',2015,173,'2015-06-23 00:00:00',758453,'f6f037dc29941f474f0e431e7ee2ca01','ftp://dataworks1:8080/rinex/obs/2015/173/tnat1730.15d.Z'),(49876,120,217,'tnat1730.15n.Z','tnat1730.15n.Z',3,15,'2015-06-22 00:00:00','2015-06-22 23:59:45',2015,173,'2015-06-23 00:00:00',35807,'691a6faae31cef4bb02bc50901c8aa92','ftp://dataworks1:8080/rinex/nav/2015/173/tnat1730.15n.Z'),(49877,120,217,'tnat1730.15m.Z','tnat1730.15m.Z',6,15,'2015-06-22 00:00:00','2015-06-22 23:59:45',2015,173,'2015-06-23 00:00:00',66419,'45f88b53580db341372e3675a1ef4827','ftp://dataworks1:8080/rinex/met/2015/173/tnat1730.15m.Z'),(49878,120,217,'tnat1700.15d.Z','tnat1700.15d.Z',2,15,'2015-06-19 00:00:00','2015-06-19 23:59:45',2015,170,'2015-06-20 00:00:00',742711,'aa45acf5b78db0d78cb6829782e1b97d','ftp://dataworks1:8080/rinex/obs/2015/170/tnat1700.15d.Z'),(49879,120,217,'tnat1700.15n.Z','tnat1700.15n.Z',3,15,'2015-06-19 00:00:00','2015-06-19 23:59:45',2015,170,'2015-06-20 00:00:00',36750,'e8f2f521b70a757af8afd42d724329ad','ftp://dataworks1:8080/rinex/nav/2015/170/tnat1700.15n.Z'),(49880,120,217,'tnat1700.15m.Z','tnat1700.15m.Z',6,15,'2015-06-19 00:00:00','2015-06-19 23:59:45',2015,170,'2015-06-20 00:00:00',67307,'5da437f74d3eb1b708ae9037984890b5','ftp://dataworks1:8080/rinex/met/2015/170/tnat1700.15m.Z'),(49881,120,217,'tnat1720.15d.Z','tnat1720.15d.Z',2,15,'2015-06-21 00:00:00','2015-06-21 23:59:45',2015,172,'2015-06-22 00:00:00',753323,'cfa27eaad5c2a63c815498ac825829d9','ftp://dataworks1:8080/rinex/obs/2015/172/tnat1720.15d.Z'),(49882,120,217,'tnat1720.15n.Z','tnat1720.15n.Z',3,15,'2015-06-21 00:00:00','2015-06-21 23:59:45',2015,172,'2015-06-22 00:00:00',35677,'5171fc1a7a2be8dec2f516e746714e1b','ftp://dataworks1:8080/rinex/nav/2015/172/tnat1720.15n.Z'),(49883,120,217,'tnat1720.15m.Z','tnat1720.15m.Z',6,15,'2015-06-21 00:00:00','2015-06-21 23:59:45',2015,172,'2015-06-22 00:00:00',67079,'dc857e33597ea104443992236658709f','ftp://dataworks1:8080/rinex/met/2015/172/tnat1720.15m.Z'),(49884,120,217,'tnat1690.15d.Z','tnat1690.15d.Z',2,15,'2015-06-18 00:00:00','2015-06-18 23:59:45',2015,169,'2015-06-20 00:00:00',754855,'f7095e83a3f348229cb3a4ac7bf432e7','ftp://dataworks1:8080/rinex/obs/2015/169/tnat1690.15d.Z'),(49885,120,217,'tnat1690.15n.Z','tnat1690.15n.Z',3,15,'2015-06-18 00:00:00','2015-06-18 23:59:45',2015,169,'2015-06-20 00:00:00',35840,'4fb8c9f2cfedf7af78bbca832bd9f13e','ftp://dataworks1:8080/rinex/nav/2015/169/tnat1690.15n.Z'),(49886,120,217,'tnat1690.15m.Z','tnat1690.15m.Z',6,15,'2015-06-18 00:00:00','2015-06-18 23:59:45',2015,169,'2015-06-20 00:00:00',66161,'f0c288828796bad36b75ec0b3313cfa4','ftp://dataworks1:8080/rinex/met/2015/169/tnat1690.15m.Z'),(49887,121,218,'tnba1720.15d.Z','tnba1720.15d.Z',2,15,'2015-06-21 00:00:00','2015-06-21 23:59:45',2015,172,'2015-06-22 00:00:00',699862,'870ace7e2613ba9c4551dfacae55dc71','ftp://dataworks1:8080/rinex/obs/2015/172/tnba1720.15d.Z'),(49888,121,218,'tnba1720.15n.Z','tnba1720.15n.Z',3,15,'2015-06-21 00:00:00','2015-06-21 23:59:45',2015,172,'2015-06-22 00:00:00',34755,'c830214c0a33dd2359534b988c949992','ftp://dataworks1:8080/rinex/nav/2015/172/tnba1720.15n.Z'),(49889,121,218,'tnba1720.15m.Z','tnba1720.15m.Z',6,15,'2015-06-21 00:00:00','2015-06-21 23:59:45',2015,172,'2015-06-22 00:00:00',66475,'446d0dab480c38017bd6e0e0639617e5','ftp://dataworks1:8080/rinex/met/2015/172/tnba1720.15m.Z'),(49890,121,218,'tnba1710.15d.Z','tnba1710.15d.Z',2,15,'2015-06-20 00:00:00','2015-06-20 23:59:45',2015,171,'2015-06-21 00:00:00',699768,'778c17d7f1c0896403773b3e2e59dbfa','ftp://dataworks1:8080/rinex/obs/2015/171/tnba1710.15d.Z'),(49891,121,218,'tnba1710.15n.Z','tnba1710.15n.Z',3,15,'2015-06-20 00:00:00','2015-06-20 23:59:45',2015,171,'2015-06-21 00:00:00',33703,'bd18aa72b38e3c939c0335da37b8fe55','ftp://dataworks1:8080/rinex/nav/2015/171/tnba1710.15n.Z'),(49892,121,218,'tnba1710.15m.Z','tnba1710.15m.Z',6,15,'2015-06-20 00:00:00','2015-06-20 23:59:45',2015,171,'2015-06-21 00:00:00',65747,'6d89786ed0e1bf4a90904571b21806d4','ftp://dataworks1:8080/rinex/met/2015/171/tnba1710.15m.Z'),(49893,121,218,'tnba1730.15d.Z','tnba1730.15d.Z',2,15,'2015-06-22 00:00:00','2015-06-22 23:59:45',2015,173,'2015-06-23 00:00:00',698886,'2e7fa41071acb6bee73cc2d96bee694b','ftp://dataworks1:8080/rinex/obs/2015/173/tnba1730.15d.Z'),(49894,121,218,'tnba1730.15n.Z','tnba1730.15n.Z',3,15,'2015-06-22 00:00:00','2015-06-22 23:59:45',2015,173,'2015-06-23 00:00:00',35593,'b9b34b7d54353321efbef4c394d5c63e','ftp://dataworks1:8080/rinex/nav/2015/173/tnba1730.15n.Z'),(49895,121,218,'tnba1730.15m.Z','tnba1730.15m.Z',6,15,'2015-06-22 00:00:00','2015-06-22 23:59:45',2015,173,'2015-06-23 00:00:00',66375,'663efe0902be33948030751a874c041e','ftp://dataworks1:8080/rinex/met/2015/173/tnba1730.15m.Z'),(49896,121,218,'tnba1700.15d.Z','tnba1700.15d.Z',2,15,'2015-06-19 00:00:00','2015-06-19 23:59:45',2015,170,'2015-06-20 00:00:00',679528,'e38fe4e8f8e593e140d5c30702d079a3','ftp://dataworks1:8080/rinex/obs/2015/170/tnba1700.15d.Z'),(49897,121,218,'tnba1700.15n.Z','tnba1700.15n.Z',3,15,'2015-06-19 00:00:00','2015-06-19 23:59:45',2015,170,'2015-06-20 00:00:00',35231,'871993439490af93121995228d55137a','ftp://dataworks1:8080/rinex/nav/2015/170/tnba1700.15n.Z'),(49898,121,218,'tnba1700.15m.Z','tnba1700.15m.Z',6,15,'2015-06-19 00:00:00','2015-06-19 23:59:45',2015,170,'2015-06-20 00:00:00',65163,'e0b3f395286dc79d1b330c51a0697f0f','ftp://dataworks1:8080/rinex/met/2015/170/tnba1700.15m.Z'),(49899,121,218,'tnba1690.15d.Z','tnba1690.15d.Z',2,15,'2015-06-18 00:00:00','2015-06-18 23:59:45',2015,169,'2015-06-19 00:00:00',699390,'fbaee9a6e89e71a3ac3c35ae6f28a176','ftp://dataworks1:8080/rinex/obs/2015/169/tnba1690.15d.Z'),(49900,121,218,'tnba1690.15n.Z','tnba1690.15n.Z',3,15,'2015-06-18 00:00:00','2015-06-18 23:59:45',2015,169,'2015-06-19 00:00:00',34027,'f5191b17737a68e8a292fe8747b789bf','ftp://dataworks1:8080/rinex/nav/2015/169/tnba1690.15n.Z'),(49901,121,218,'tnba1690.15m.Z','tnba1690.15m.Z',6,15,'2015-06-18 00:00:00','2015-06-18 23:59:45',2015,169,'2015-06-19 00:00:00',67365,'446e27ce719079d430f24ef234049c3b','ftp://dataworks1:8080/rinex/met/2015/169/tnba1690.15m.Z'),(49902,122,219,'tncm1710.15d.Z','tncm1710.15d.Z',2,15,'2015-06-20 00:00:00','2015-06-20 23:59:45',2015,171,'2015-06-21 00:00:00',769919,'d381b4425e311b0a5c7d8728ee57a920','ftp://dataworks1:8080/rinex/obs/2015/171/tncm1710.15d.Z'),(49903,122,219,'tncm1710.15n.Z','tncm1710.15n.Z',3,15,'2015-06-20 00:00:00','2015-06-20 23:59:45',2015,171,'2015-06-21 00:00:00',34865,'80be361214c4b98a873f7a57ad0d215a','ftp://dataworks1:8080/rinex/nav/2015/171/tncm1710.15n.Z'),(49904,122,219,'tncm1710.15m.Z','tncm1710.15m.Z',6,15,'2015-06-20 00:00:00','2015-06-20 23:59:45',2015,171,'2015-06-21 00:00:00',64807,'354f2e231bee1423a3d3a1e23ae7e7c0','ftp://dataworks1:8080/rinex/met/2015/171/tncm1710.15m.Z'),(49905,122,219,'tncm1700.15d.Z','tncm1700.15d.Z',2,15,'2015-06-19 00:00:00','2015-06-19 23:59:45',2015,170,'2015-06-20 00:00:00',762313,'714da21b34182ff11f5cc392882276e0','ftp://dataworks1:8080/rinex/obs/2015/170/tncm1700.15d.Z'),(49906,122,219,'tncm1700.15n.Z','tncm1700.15n.Z',3,15,'2015-06-19 00:00:00','2015-06-19 23:59:45',2015,170,'2015-06-20 00:00:00',36114,'93da328fabb37d5afa2dc115b7e697e4','ftp://dataworks1:8080/rinex/nav/2015/170/tncm1700.15n.Z'),(49907,122,219,'tncm1700.15m.Z','tncm1700.15m.Z',6,15,'2015-06-19 00:00:00','2015-06-19 23:59:45',2015,170,'2015-06-20 00:00:00',62209,'cf119b5412ac3b64218cd8b6eae6ef25','ftp://dataworks1:8080/rinex/met/2015/170/tncm1700.15m.Z'),(49908,122,219,'tncm1690.15d.Z','tncm1690.15d.Z',2,15,'2015-06-18 00:00:00','2015-06-18 23:59:45',2015,169,'2015-06-19 00:00:00',769247,'fbf6ca0c14d7352006b074c36dae9a0e','ftp://dataworks1:8080/rinex/obs/2015/169/tncm1690.15d.Z'),(49909,122,219,'tncm1690.15n.Z','tncm1690.15n.Z',3,15,'2015-06-18 00:00:00','2015-06-18 23:59:45',2015,169,'2015-06-19 00:00:00',35598,'e6f1aad46291b2375f871e563132725e','ftp://dataworks1:8080/rinex/nav/2015/169/tncm1690.15n.Z'),(49910,122,219,'tncm1690.15m.Z','tncm1690.15m.Z',6,15,'2015-06-18 00:00:00','2015-06-18 23:59:45',2015,169,'2015-06-19 00:00:00',63287,'b33a610fadb6ac6e4f74a1bd784ef685','ftp://dataworks1:8080/rinex/met/2015/169/tncm1690.15m.Z'),(49911,122,219,'tncm1730.15d.Z','tncm1730.15d.Z',2,15,'2015-06-22 00:00:00','2015-06-22 23:59:45',2015,173,'2015-06-23 00:00:00',767455,'e31a783701acb08b608e57ed8f3ecd9f','ftp://dataworks1:8080/rinex/obs/2015/173/tncm1730.15d.Z'),(49912,122,219,'tncm1730.15n.Z','tncm1730.15n.Z',3,15,'2015-06-22 00:00:00','2015-06-22 23:59:45',2015,173,'2015-06-23 00:00:00',36131,'24d5c6aa8a21b8205237b469a7586c0d','ftp://dataworks1:8080/rinex/nav/2015/173/tncm1730.15n.Z'),(49913,122,219,'tncm1730.15m.Z','tncm1730.15m.Z',6,15,'2015-06-22 00:00:00','2015-06-22 23:59:45',2015,173,'2015-06-23 00:00:00',65103,'62f6abbfa1ee1ce8f9743bc9172737c7','ftp://dataworks1:8080/rinex/met/2015/173/tncm1730.15m.Z'),(49914,122,219,'tncm1720.15d.Z','tncm1720.15d.Z',2,15,'2015-06-21 00:00:00','2015-06-21 23:59:45',2015,172,'2015-06-22 00:00:00',770069,'800ee6008ce1d2f3a3574f05a06d15eb','ftp://dataworks1:8080/rinex/obs/2015/172/tncm1720.15d.Z'),(49915,122,219,'tncm1720.15n.Z','tncm1720.15n.Z',3,15,'2015-06-21 00:00:00','2015-06-21 23:59:45',2015,172,'2015-06-22 00:00:00',35424,'99434632fe13f417dffbe854f6d5e442','ftp://dataworks1:8080/rinex/nav/2015/172/tncm1720.15n.Z'),(49916,122,219,'tncm1720.15m.Z','tncm1720.15m.Z',6,15,'2015-06-21 00:00:00','2015-06-21 23:59:45',2015,172,'2015-06-22 00:00:00',64597,'9889113eb5a6a1e1a6f47aae66584271','ftp://dataworks1:8080/rinex/met/2015/172/tncm1720.15m.Z'),(49917,123,220,'tncu1710.15d.Z','tncu1710.15d.Z',2,15,'2015-06-20 00:00:00','2015-06-20 23:59:45',2015,171,'2015-06-21 00:00:00',766325,'e8edc0a7b4d77d18aec4998222929161','ftp://dataworks1:8080/rinex/obs/2015/171/tncu1710.15d.Z'),(49918,123,220,'tncu1710.15n.Z','tncu1710.15n.Z',3,15,'2015-06-20 00:00:00','2015-06-20 23:59:45',2015,171,'2015-06-21 00:00:00',35199,'b71c3cc607cef8d06e382d45984b33b1','ftp://dataworks1:8080/rinex/nav/2015/171/tncu1710.15n.Z'),(49919,123,220,'tncu1710.15m.Z','tncu1710.15m.Z',6,15,'2015-06-20 00:00:00','2015-06-20 23:59:45',2015,171,'2015-06-21 00:00:00',18710,'bb32f793bdb5d13e2cfa081600b3a625','ftp://dataworks1:8080/rinex/met/2015/171/tncu1710.15m.Z'),(49920,123,220,'tncu1730.15d.Z','tncu1730.15d.Z',2,15,'2015-06-22 00:00:00','2015-06-22 23:59:45',2015,173,'2015-06-23 00:00:00',767439,'7b793fcb921239fdd90d8e03061f58ce','ftp://dataworks1:8080/rinex/obs/2015/173/tncu1730.15d.Z'),(49921,123,220,'tncu1730.15n.Z','tncu1730.15n.Z',3,15,'2015-06-22 00:00:00','2015-06-22 23:59:45',2015,173,'2015-06-23 00:00:00',36547,'4d0dbcaba7dce74acac1739458b691c1','ftp://dataworks1:8080/rinex/nav/2015/173/tncu1730.15n.Z'),(49922,123,220,'tncu1730.15m.Z','tncu1730.15m.Z',6,15,'2015-06-22 00:00:00','2015-06-22 23:59:45',2015,173,'2015-06-23 00:00:00',18824,'8f4134917fa5541732dfbb2ebfe0a92b','ftp://dataworks1:8080/rinex/met/2015/173/tncu1730.15m.Z'),(49923,123,220,'tncu1720.15d.Z','tncu1720.15d.Z',2,15,'2015-06-21 00:00:00','2015-06-21 23:59:45',2015,172,'2015-06-22 00:00:00',766599,'56cb32bfe74f4457fb42603eeaef8500','ftp://dataworks1:8080/rinex/obs/2015/172/tncu1720.15d.Z'),(49924,123,220,'tncu1720.15n.Z','tncu1720.15n.Z',3,15,'2015-06-21 00:00:00','2015-06-21 23:59:45',2015,172,'2015-06-22 00:00:00',35780,'6686286f2a9c7c55f44eafeff59dc452','ftp://dataworks1:8080/rinex/nav/2015/172/tncu1720.15n.Z'),(49925,123,220,'tncu1720.15m.Z','tncu1720.15m.Z',6,15,'2015-06-21 00:00:00','2015-06-21 23:59:45',2015,172,'2015-06-22 00:00:00',19370,'69e127d7fafdde43cbe839e458fe576a','ftp://dataworks1:8080/rinex/met/2015/172/tncu1720.15m.Z'),(49926,123,220,'tncu1690.15d.Z','tncu1690.15d.Z',2,15,'2015-06-18 00:00:00','2015-06-18 23:59:45',2015,169,'2015-06-19 00:00:00',766509,'9054e71d265bf2e2f8eb6755bd907470','ftp://dataworks1:8080/rinex/obs/2015/169/tncu1690.15d.Z'),(49927,123,220,'tncu1690.15n.Z','tncu1690.15n.Z',3,15,'2015-06-18 00:00:00','2015-06-18 23:59:45',2015,169,'2015-06-19 00:00:00',35852,'12ffb5c833e42c8363dc1f54c4fddf59','ftp://dataworks1:8080/rinex/nav/2015/169/tncu1690.15n.Z'),(49928,123,220,'tncu1690.15m.Z','tncu1690.15m.Z',6,15,'2015-06-18 00:00:00','2015-06-18 23:59:45',2015,169,'2015-06-19 00:00:00',18493,'313c652134bea9a098aa02df084b0110','ftp://dataworks1:8080/rinex/met/2015/169/tncu1690.15m.Z'),(49929,123,220,'tncu1700.15d.Z','tncu1700.15d.Z',2,15,'2015-06-19 00:00:00','2015-06-19 23:59:45',2015,170,'2015-06-20 00:00:00',754793,'1c87ea4b7fa6c2a9b4e1fe3f3453415d','ftp://dataworks1:8080/rinex/obs/2015/170/tncu1700.15d.Z'),(49930,123,220,'tncu1700.15n.Z','tncu1700.15n.Z',3,15,'2015-06-19 00:00:00','2015-06-19 23:59:45',2015,170,'2015-06-20 00:00:00',36650,'861328cf85a66cff921a7b8ebbe0fa1b','ftp://dataworks1:8080/rinex/nav/2015/170/tncu1700.15n.Z'),(49931,123,220,'tncu1700.15m.Z','tncu1700.15m.Z',6,15,'2015-06-19 00:00:00','2015-06-19 23:59:45',2015,170,'2015-06-20 00:00:00',18889,'9154775630b53c5bfd6d5b895fa2b682','ftp://dataworks1:8080/rinex/met/2015/170/tncu1700.15m.Z'),(49932,124,221,'tnhm1700.15d.Z','tnhm1700.15d.Z',2,15,'2015-06-19 00:00:00','2015-06-19 23:59:45',2015,170,'2015-06-20 00:00:00',715311,'cbe5449d5d1cb8236076613f03ac1b22','ftp://dataworks1:8080/rinex/obs/2015/170/tnhm1700.15d.Z'),(49933,124,221,'tnhm1700.15n.Z','tnhm1700.15n.Z',3,15,'2015-06-19 00:00:00','2015-06-19 23:59:45',2015,170,'2015-06-20 00:00:00',36227,'d5fd9cf86d13100ce8a3ad2a2d949cab','ftp://dataworks1:8080/rinex/nav/2015/170/tnhm1700.15n.Z'),(49934,124,221,'tnhm1700.15m.Z','tnhm1700.15m.Z',6,15,'2015-06-19 00:00:00','2015-06-19 23:59:45',2015,170,'2015-06-20 00:00:00',18544,'99e9d41369b9ff0bf01c15a0a8cacd06','ftp://dataworks1:8080/rinex/met/2015/170/tnhm1700.15m.Z'),(49935,124,221,'tnhm1690.15d.Z','tnhm1690.15d.Z',2,15,'2015-06-18 00:00:00','2015-06-18 23:59:45',2015,169,'2015-06-19 00:00:00',732115,'4ce473ab2d25d12d902ae8bff4843fc3','ftp://dataworks1:8080/rinex/obs/2015/169/tnhm1690.15d.Z'),(49936,124,221,'tnhm1690.15n.Z','tnhm1690.15n.Z',3,15,'2015-06-18 00:00:00','2015-06-18 23:59:45',2015,169,'2015-06-19 00:00:00',35263,'b7d0d562ca13b494a796d31029013e80','ftp://dataworks1:8080/rinex/nav/2015/169/tnhm1690.15n.Z'),(49937,124,221,'tnhm1690.15m.Z','tnhm1690.15m.Z',6,15,'2015-06-18 00:00:00','2015-06-18 23:59:45',2015,169,'2015-06-19 00:00:00',18857,'fbdcb95f6ee7c9ad56c3ea5a75e7564d','ftp://dataworks1:8080/rinex/met/2015/169/tnhm1690.15m.Z'),(49938,124,221,'tnhm1710.15d.Z','tnhm1710.15d.Z',2,15,'2015-06-20 00:00:00','2015-06-20 23:59:45',2015,171,'2015-06-21 00:00:00',734693,'76d85610ecf7c93c0588a36e6bb05aab','ftp://dataworks1:8080/rinex/obs/2015/171/tnhm1710.15d.Z'),(49939,124,221,'tnhm1710.15n.Z','tnhm1710.15n.Z',3,15,'2015-06-20 00:00:00','2015-06-20 23:59:45',2015,171,'2015-06-21 00:00:00',34494,'0e4de597e4c849bc1dc891bab7e26341','ftp://dataworks1:8080/rinex/nav/2015/171/tnhm1710.15n.Z'),(49940,124,221,'tnhm1710.15m.Z','tnhm1710.15m.Z',6,15,'2015-06-20 00:00:00','2015-06-20 23:59:45',2015,171,'2015-06-21 00:00:00',18649,'acb7e238f047ce91cf24a69ad9637376','ftp://dataworks1:8080/rinex/met/2015/171/tnhm1710.15m.Z'),(49941,124,221,'tnhm1730.15d.Z','tnhm1730.15d.Z',2,15,'2015-06-22 00:00:00','2015-06-22 23:59:45',2015,173,'2015-06-23 00:00:00',735163,'e4773ec55db75d3057427d7e9334f31a','ftp://dataworks1:8080/rinex/obs/2015/173/tnhm1730.15d.Z'),(49942,124,221,'tnhm1730.15n.Z','tnhm1730.15n.Z',3,15,'2015-06-22 00:00:00','2015-06-22 23:59:45',2015,173,'2015-06-23 00:00:00',36933,'5e3b803def8c26e8fde2618ca36334fe','ftp://dataworks1:8080/rinex/nav/2015/173/tnhm1730.15n.Z'),(49943,124,221,'tnhm1730.15m.Z','tnhm1730.15m.Z',6,15,'2015-06-22 00:00:00','2015-06-22 23:59:45',2015,173,'2015-06-23 00:00:00',18649,'678bd3bebfb8286240484403cc30b029','ftp://dataworks1:8080/rinex/met/2015/173/tnhm1730.15m.Z'),(49944,124,221,'tnhm1720.15d.Z','tnhm1720.15d.Z',2,15,'2015-06-21 00:00:00','2015-06-21 23:59:45',2015,172,'2015-06-22 00:00:00',732731,'fdb031386dfd6084bc7ec9b01162c973','ftp://dataworks1:8080/rinex/obs/2015/172/tnhm1720.15d.Z'),(49945,124,221,'tnhm1720.15n.Z','tnhm1720.15n.Z',3,15,'2015-06-21 00:00:00','2015-06-21 23:59:45',2015,172,'2015-06-22 00:00:00',36230,'7dd34e67dbd089aebf7b0e5fd538c40e','ftp://dataworks1:8080/rinex/nav/2015/172/tnhm1720.15n.Z'),(49946,124,221,'tnhm1720.15m.Z','tnhm1720.15m.Z',6,15,'2015-06-21 00:00:00','2015-06-21 23:59:45',2015,172,'2015-06-22 00:00:00',18702,'b12a7e8b6b79fcd6cfc87e231971581b','ftp://dataworks1:8080/rinex/met/2015/172/tnhm1720.15m.Z'),(49947,127,224,'tnms1710.15d.Z','tnms1710.15d.Z',2,15,'2015-06-20 00:00:00','2015-06-20 23:59:45',2015,171,'2015-06-21 00:00:00',686615,'34c9ffb0953f814cf3c9474573239259','ftp://dataworks1:8080/rinex/obs/2015/171/tnms1710.15d.Z'),(49948,127,224,'tnms1710.15n.Z','tnms1710.15n.Z',3,15,'2015-06-20 00:00:00','2015-06-20 23:59:45',2015,171,'2015-06-21 00:00:00',34190,'c689dddd34339d67b2269cba1312a35b','ftp://dataworks1:8080/rinex/nav/2015/171/tnms1710.15n.Z'),(49949,127,224,'tnms1710.15m.Z','tnms1710.15m.Z',6,15,'2015-06-20 00:00:00','2015-06-20 23:59:45',2015,171,'2015-06-21 00:00:00',64901,'fde8b721768d17289cabd4ac14ee4b92','ftp://dataworks1:8080/rinex/met/2015/171/tnms1710.15m.Z'),(49950,127,224,'tnms1700.15d.Z','tnms1700.15d.Z',2,15,'2015-06-19 00:00:00','2015-06-19 23:59:45',2015,170,'2015-06-20 00:00:00',678752,'8ab4e74ed6da533f7af219cdfb04b6c5','ftp://dataworks1:8080/rinex/obs/2015/170/tnms1700.15d.Z'),(49951,127,224,'tnms1700.15n.Z','tnms1700.15n.Z',3,15,'2015-06-19 00:00:00','2015-06-19 23:59:45',2015,170,'2015-06-20 00:00:00',35015,'399a0043b8482449f272d946c57c56f5','ftp://dataworks1:8080/rinex/nav/2015/170/tnms1700.15n.Z'),(49952,127,224,'tnms1700.15m.Z','tnms1700.15m.Z',6,15,'2015-06-19 00:00:00','2015-06-19 23:59:45',2015,170,'2015-06-20 00:00:00',66047,'15f937e438bd5a38a04e402673c6e51e','ftp://dataworks1:8080/rinex/met/2015/170/tnms1700.15m.Z'),(49953,127,224,'tnms1690.15d.Z','tnms1690.15d.Z',2,15,'2015-06-18 00:00:00','2015-06-18 23:59:45',2015,169,'2015-06-20 00:00:00',686856,'3229312b515c82225594da92fa44ea53','ftp://dataworks1:8080/rinex/obs/2015/169/tnms1690.15d.Z'),(49954,127,224,'tnms1690.15n.Z','tnms1690.15n.Z',3,15,'2015-06-18 00:00:00','2015-06-18 23:59:45',2015,169,'2015-06-20 00:00:00',34560,'d7fd73f38109327ed540211ca0c818eb','ftp://dataworks1:8080/rinex/nav/2015/169/tnms1690.15n.Z'),(49955,127,224,'tnms1690.15m.Z','tnms1690.15m.Z',6,15,'2015-06-18 00:00:00','2015-06-18 23:59:45',2015,169,'2015-06-20 00:00:00',66393,'270993f3496dd42a0c5e8b18978c01be','ftp://dataworks1:8080/rinex/met/2015/169/tnms1690.15m.Z'),(49956,127,224,'tnms1720.15d.Z','tnms1720.15d.Z',2,15,'2015-06-21 00:00:00','2015-06-21 23:59:45',2015,172,'2015-06-22 00:00:00',687228,'feeafc7680ee26f181af6299d935c560','ftp://dataworks1:8080/rinex/obs/2015/172/tnms1720.15d.Z'),(49957,127,224,'tnms1720.15n.Z','tnms1720.15n.Z',3,15,'2015-06-21 00:00:00','2015-06-21 23:59:45',2015,172,'2015-06-22 00:00:00',34487,'808176d4c222f7b426309fa24938f0b6','ftp://dataworks1:8080/rinex/nav/2015/172/tnms1720.15n.Z'),(49958,127,224,'tnms1720.15m.Z','tnms1720.15m.Z',6,15,'2015-06-21 00:00:00','2015-06-21 23:59:45',2015,172,'2015-06-22 00:00:00',66335,'b49c2d9b9dbcc540b770586402bf868a','ftp://dataworks1:8080/rinex/met/2015/172/tnms1720.15m.Z'),(49959,127,224,'tnms1730.15d.Z','tnms1730.15d.Z',2,15,'2015-06-22 00:00:00','2015-06-22 23:59:45',2015,173,'2015-06-23 00:00:00',686982,'8cf498173823d6dcf44c693d44193d2c','ftp://dataworks1:8080/rinex/obs/2015/173/tnms1730.15d.Z'),(49960,127,224,'tnms1730.15n.Z','tnms1730.15n.Z',3,15,'2015-06-22 00:00:00','2015-06-22 23:59:45',2015,173,'2015-06-23 00:00:00',34612,'db5c0bd24a1b510c3e3f1397bc94e4f6','ftp://dataworks1:8080/rinex/nav/2015/173/tnms1730.15n.Z'),(49961,127,224,'tnms1730.15m.Z','tnms1730.15m.Z',6,15,'2015-06-22 00:00:00','2015-06-22 23:59:45',2015,173,'2015-06-23 00:00:00',66237,'a17212f11e488adbb746efdde26b4e91','ftp://dataworks1:8080/rinex/met/2015/173/tnms1730.15m.Z'),(49962,128,225,'tnnx1710.15d.Z','tnnx1710.15d.Z',2,15,'2015-06-20 00:00:00','2015-06-20 23:59:45',2015,171,'2015-06-21 00:00:00',798448,'08991b4e218fe4a214eed508fae76b19','ftp://dataworks1:8080/rinex/obs/2015/171/tnnx1710.15d.Z'),(49963,128,225,'tnnx1710.15n.Z','tnnx1710.15n.Z',3,15,'2015-06-20 00:00:00','2015-06-20 23:59:45',2015,171,'2015-06-21 00:00:00',35516,'622aab15c8051c7ff2f81cb38adadf14','ftp://dataworks1:8080/rinex/nav/2015/171/tnnx1710.15n.Z'),(49964,128,225,'tnnx1710.15m.Z','tnnx1710.15m.Z',6,15,'2015-06-20 00:00:00','2015-06-20 23:59:45',2015,171,'2015-06-21 00:00:00',66179,'d6e19b7573399fee62363030ef1973b8','ftp://dataworks1:8080/rinex/met/2015/171/tnnx1710.15m.Z'),(49965,128,225,'tnnx1730.15d.Z','tnnx1730.15d.Z',2,15,'2015-06-22 00:00:00','2015-06-22 23:59:45',2015,173,'2015-06-23 00:00:00',804692,'184697f7f6c0ffe27b7209a6b5522b5b','ftp://dataworks1:8080/rinex/obs/2015/173/tnnx1730.15d.Z'),(49966,128,225,'tnnx1730.15n.Z','tnnx1730.15n.Z',3,15,'2015-06-22 00:00:00','2015-06-22 23:59:45',2015,173,'2015-06-23 00:00:00',36092,'f5dd2936ff4d00dd14000e2336a4ef85','ftp://dataworks1:8080/rinex/nav/2015/173/tnnx1730.15n.Z'),(49967,128,225,'tnnx1730.15m.Z','tnnx1730.15m.Z',6,15,'2015-06-22 00:00:00','2015-06-22 23:59:45',2015,173,'2015-06-23 00:00:00',65877,'59018d3afa00ac13bd4cfbd3b70480da','ftp://dataworks1:8080/rinex/met/2015/173/tnnx1730.15m.Z'),(49968,128,225,'tnnx1700.15d.Z','tnnx1700.15d.Z',2,15,'2015-06-19 00:00:00','2015-06-19 23:59:45',2015,170,'2015-06-20 00:00:00',785133,'ad0ad51fcf60556c9e49015e14b8d408','ftp://dataworks1:8080/rinex/obs/2015/170/tnnx1700.15d.Z'),(49969,128,225,'tnnx1700.15n.Z','tnnx1700.15n.Z',3,15,'2015-06-19 00:00:00','2015-06-19 23:59:45',2015,170,'2015-06-20 00:00:00',37023,'a4b0e49bf3cbd0391b19553af9c080cf','ftp://dataworks1:8080/rinex/nav/2015/170/tnnx1700.15n.Z'),(49970,128,225,'tnnx1700.15m.Z','tnnx1700.15m.Z',6,15,'2015-06-19 00:00:00','2015-06-19 23:59:45',2015,170,'2015-06-20 00:00:00',65637,'11d34d76fa867996aa5f3bf6c5fd2929','ftp://dataworks1:8080/rinex/met/2015/170/tnnx1700.15m.Z'),(49971,128,225,'tnnx1720.15d.Z','tnnx1720.15d.Z',2,15,'2015-06-21 00:00:00','2015-06-21 23:59:45',2015,172,'2015-06-22 00:00:00',801066,'cd8201c03575d3fbcf047a73f0180988','ftp://dataworks1:8080/rinex/obs/2015/172/tnnx1720.15d.Z'),(49972,128,225,'tnnx1720.15n.Z','tnnx1720.15n.Z',3,15,'2015-06-21 00:00:00','2015-06-21 23:59:45',2015,172,'2015-06-22 00:00:00',35857,'983d255878d9aaba320d66e73962a48d','ftp://dataworks1:8080/rinex/nav/2015/172/tnnx1720.15n.Z'),(49973,128,225,'tnnx1720.15m.Z','tnnx1720.15m.Z',6,15,'2015-06-21 00:00:00','2015-06-21 23:59:45',2015,172,'2015-06-22 00:00:00',65743,'4393bac9497cf2f800ffc1300f490244','ftp://dataworks1:8080/rinex/met/2015/172/tnnx1720.15m.Z'),(49974,128,225,'tnnx1690.15d.Z','tnnx1690.15d.Z',2,15,'2015-06-18 00:00:00','2015-06-18 23:59:45',2015,169,'2015-06-20 00:00:00',799350,'241d46ffabfa59414c0dfe00881c8813','ftp://dataworks1:8080/rinex/obs/2015/169/tnnx1690.15d.Z'),(49975,128,225,'tnnx1690.15n.Z','tnnx1690.15n.Z',3,15,'2015-06-18 00:00:00','2015-06-18 23:59:45',2015,169,'2015-06-20 00:00:00',36217,'605bcf835cf346a3fae09342426608e8','ftp://dataworks1:8080/rinex/nav/2015/169/tnnx1690.15n.Z'),(49976,128,225,'tnnx1690.15m.Z','tnnx1690.15m.Z',6,15,'2015-06-18 00:00:00','2015-06-18 23:59:45',2015,169,'2015-06-20 00:00:00',66179,'48c6106751c6790ce2c9107c0e2aa3b5','ftp://dataworks1:8080/rinex/met/2015/169/tnnx1690.15m.Z'),(49977,131,228,'tntb1700.15d.Z','tntb1700.15d.Z',2,15,'2015-06-19 00:00:00','2015-06-19 23:59:45',2015,170,'2015-06-20 00:00:00',742899,'9f5ab22bc42b2070ea4c8579a1dc99b5','ftp://dataworks1:8080/rinex/obs/2015/170/tntb1700.15d.Z'),(49978,131,228,'tntb1700.15n.Z','tntb1700.15n.Z',3,15,'2015-06-19 00:00:00','2015-06-19 23:59:45',2015,170,'2015-06-20 00:00:00',35972,'3b5a2082eadf70928d407bb04abb6b07','ftp://dataworks1:8080/rinex/nav/2015/170/tntb1700.15n.Z'),(49979,131,228,'tntb1700.15m.Z','tntb1700.15m.Z',6,15,'2015-06-19 00:00:00','2015-06-19 23:59:45',2015,170,'2015-06-20 00:00:00',65517,'d0816df998d64f91bf8e3b0bec4ed026','ftp://dataworks1:8080/rinex/met/2015/170/tntb1700.15m.Z'),(49980,131,228,'tntb1720.15d.Z','tntb1720.15d.Z',2,15,'2015-06-21 00:00:00','2015-06-21 23:59:45',2015,172,'2015-06-22 00:00:00',760133,'bcc0fbac1e1f61990d3671cfdcda8528','ftp://dataworks1:8080/rinex/obs/2015/172/tntb1720.15d.Z'),(49981,131,228,'tntb1720.15n.Z','tntb1720.15n.Z',3,15,'2015-06-21 00:00:00','2015-06-21 23:59:45',2015,172,'2015-06-22 00:00:00',36120,'5a5f292203e0dcb094ffafeb8ca797bb','ftp://dataworks1:8080/rinex/nav/2015/172/tntb1720.15n.Z'),(49982,131,228,'tntb1720.15m.Z','tntb1720.15m.Z',6,15,'2015-06-21 00:00:00','2015-06-21 23:59:45',2015,172,'2015-06-22 00:00:00',64819,'21cd108440b5678014ed3b618f033967','ftp://dataworks1:8080/rinex/met/2015/172/tntb1720.15m.Z'),(49983,131,228,'tntb1730.15d.Z','tntb1730.15d.Z',2,15,'2015-06-22 00:00:00','2015-06-22 23:59:45',2015,173,'2015-06-23 00:00:00',758865,'2700961f62a30aab0f2a01fbfdfb71cb','ftp://dataworks1:8080/rinex/obs/2015/173/tntb1730.15d.Z'),(49984,131,228,'tntb1730.15n.Z','tntb1730.15n.Z',3,15,'2015-06-22 00:00:00','2015-06-22 23:59:45',2015,173,'2015-06-23 00:00:00',36557,'64d81aa1482bd739b0b0dd42caf79825','ftp://dataworks1:8080/rinex/nav/2015/173/tntb1730.15n.Z'),(49985,131,228,'tntb1730.15m.Z','tntb1730.15m.Z',6,15,'2015-06-22 00:00:00','2015-06-22 23:59:45',2015,173,'2015-06-23 00:00:00',64685,'242d3eb9af1a7b3b3c973e11101856cf','ftp://dataworks1:8080/rinex/met/2015/173/tntb1730.15m.Z'),(49986,131,228,'tntb1710.15d.Z','tntb1710.15d.Z',2,15,'2015-06-20 00:00:00','2015-06-20 23:59:45',2015,171,'2015-06-21 00:00:00',759371,'4fa4545cc2901a443b80eb7b4e225672','ftp://dataworks1:8080/rinex/obs/2015/171/tntb1710.15d.Z'),(49987,131,228,'tntb1710.15n.Z','tntb1710.15n.Z',3,15,'2015-06-20 00:00:00','2015-06-20 23:59:45',2015,171,'2015-06-21 00:00:00',34890,'bb8e6b72217dbe32453c877aab763258','ftp://dataworks1:8080/rinex/nav/2015/171/tntb1710.15n.Z'),(49988,131,228,'tntb1710.15m.Z','tntb1710.15m.Z',6,15,'2015-06-20 00:00:00','2015-06-20 23:59:45',2015,171,'2015-06-21 00:00:00',65483,'3135798786f521220e49635390b668dc','ftp://dataworks1:8080/rinex/met/2015/171/tntb1710.15m.Z'),(49989,131,228,'tntb1690.15d.Z','tntb1690.15d.Z',2,15,'2015-06-18 00:00:00','2015-06-18 23:59:45',2015,169,'2015-06-19 00:00:00',757625,'4e5e0187a50e8a783da1b7ac30cd7ac5','ftp://dataworks1:8080/rinex/obs/2015/169/tntb1690.15d.Z'),(49990,131,228,'tntb1690.15n.Z','tntb1690.15n.Z',3,15,'2015-06-18 00:00:00','2015-06-18 23:59:45',2015,169,'2015-06-19 00:00:00',35733,'5432f33e6cb4d0bb49a4ed67476c5ede','ftp://dataworks1:8080/rinex/nav/2015/169/tntb1690.15n.Z'),(49991,131,228,'tntb1690.15m.Z','tntb1690.15m.Z',6,15,'2015-06-18 00:00:00','2015-06-18 23:59:45',2015,169,'2015-06-19 00:00:00',66183,'7beaff2a2032b484be724901dcfcc787','ftp://dataworks1:8080/rinex/met/2015/169/tntb1690.15m.Z'),(49992,132,231,'uagu1720.15d.Z','uagu1720.15d.Z',2,15,'2015-06-21 00:00:00','2015-06-21 23:59:45',2015,172,'2015-06-22 00:00:00',736143,'6ea1ebec6c33b305a4f6acb328a6f77c','ftp://dataworks1:8080/rinex/obs/2015/172/uagu1720.15d.Z'),(49993,132,231,'uagu1720.15n.Z','uagu1720.15n.Z',3,15,'2015-06-21 00:00:00','2015-06-21 23:59:45',2015,172,'2015-06-22 00:00:00',35529,'00fd5f95764368a147355c2f05714795','ftp://dataworks1:8080/rinex/nav/2015/172/uagu1720.15n.Z'),(49994,132,231,'uagu1710.15d.Z','uagu1710.15d.Z',2,15,'2015-06-20 00:00:00','2015-06-20 23:59:45',2015,171,'2015-06-22 00:00:00',737099,'e0d076d574782095fbc67d6217df9768','ftp://dataworks1:8080/rinex/obs/2015/171/uagu1710.15d.Z'),(49995,132,231,'uagu1710.15n.Z','uagu1710.15n.Z',3,15,'2015-06-20 00:00:00','2015-06-20 23:59:45',2015,171,'2015-06-22 00:00:00',34785,'421f3aa02d66ab06e70f5842bda765bc','ftp://dataworks1:8080/rinex/nav/2015/171/uagu1710.15n.Z'),(49996,132,230,'uagu1690.15d.Z','uagu1690.15d.Z',2,15,'2015-06-18 00:00:00','2015-06-18 23:59:45',2015,169,'2015-06-19 00:00:00',590107,'cd229599be4b4607dd9fd5ac6c89cf63','ftp://dataworks1:8080/rinex/obs/2015/169/uagu1690.15d.Z'),(49997,132,230,'uagu1690.15n.Z','uagu1690.15n.Z',3,15,'2015-06-18 00:00:00','2015-06-18 23:59:45',2015,169,'2015-06-19 00:00:00',30557,'862dd119867b43923324e8a62dce05d2','ftp://dataworks1:8080/rinex/nav/2015/169/uagu1690.15n.Z'),(49998,132,231,'uagu1700.15d.Z','uagu1700.15d.Z',2,15,'2015-06-19 15:46:45','2015-06-19 23:59:45',2015,170,'2015-06-22 00:00:00',249415,'37720a96d6bf0e23d70178438b0c9f95','ftp://dataworks1:8080/rinex/obs/2015/170/uagu1700.15d.Z'),(49999,132,231,'uagu1700.15n.Z','uagu1700.15n.Z',3,15,'2015-06-19 15:46:45','2015-06-19 23:59:45',2015,170,'2015-06-22 00:00:00',15147,'9a6f262c39e83bf787f78e7d6191e80f','ftp://dataworks1:8080/rinex/nav/2015/170/uagu1700.15n.Z'),(50000,133,238,'ucoe1690.15d.Z','ucoe1690.15d.Z',2,15,'2015-06-18 00:00:00','2015-06-18 23:59:45',2015,169,'2015-06-19 00:00:00',693324,'410459c569cea15e3238ef04bd79b490','ftp://dataworks1:8080/rinex/obs/2015/169/ucoe1690.15d.Z'),(50001,133,238,'ucoe1690.15n.Z','ucoe1690.15n.Z',3,15,'2015-06-18 00:00:00','2015-06-18 23:59:45',2015,169,'2015-06-19 00:00:00',30697,'f320bae0e5cfa9d92e49652f1f6a62f1','ftp://dataworks1:8080/rinex/nav/2015/169/ucoe1690.15n.Z'),(50002,133,238,'ucoe1700.15d.Z','ucoe1700.15d.Z',2,15,'2015-06-19 00:00:00','2015-06-19 23:59:45',2015,170,'2015-06-20 00:00:00',694713,'ef405f305123e992b04d05cd83d827c1','ftp://dataworks1:8080/rinex/obs/2015/170/ucoe1700.15d.Z'),(50003,133,238,'ucoe1700.15n.Z','ucoe1700.15n.Z',3,15,'2015-06-19 00:00:00','2015-06-19 23:59:45',2015,170,'2015-06-20 00:00:00',31592,'23584c52b2f7fc11f9dc8b5c1400f036','ftp://dataworks1:8080/rinex/nav/2015/170/ucoe1700.15n.Z'),(50004,133,238,'ucoe1710.15d.Z','ucoe1710.15d.Z',2,15,'2015-06-20 00:00:00','2015-06-20 23:59:45',2015,171,'2015-06-21 00:00:00',692179,'25819249e5b7937dedcf4fccdc6d56c3','ftp://dataworks1:8080/rinex/obs/2015/171/ucoe1710.15d.Z'),(50005,133,238,'ucoe1710.15n.Z','ucoe1710.15n.Z',3,15,'2015-06-20 00:00:00','2015-06-20 23:59:45',2015,171,'2015-06-21 00:00:00',30873,'80671c914a0ff7824351017e2788d08b','ftp://dataworks1:8080/rinex/nav/2015/171/ucoe1710.15n.Z'),(50006,133,238,'ucoe1720.15d.Z','ucoe1720.15d.Z',2,15,'2015-06-21 00:00:00','2015-06-21 23:59:45',2015,172,'2015-06-22 00:00:00',694456,'36c5ee69145a1a117a9e18c7e5e1df21','ftp://dataworks1:8080/rinex/obs/2015/172/ucoe1720.15d.Z'),(50007,133,238,'ucoe1720.15n.Z','ucoe1720.15n.Z',3,15,'2015-06-21 00:00:00','2015-06-21 23:59:45',2015,172,'2015-06-22 00:00:00',31398,'590e152479e34f478413434f50048d9e','ftp://dataworks1:8080/rinex/nav/2015/172/ucoe1720.15n.Z'),(50008,133,238,'ucoe1730.15d.Z','ucoe1730.15d.Z',2,15,'2015-06-22 00:00:00','2015-06-22 23:59:45',2015,173,'2015-06-23 00:00:00',694931,'960e2399eb3521c455f64ed21737f76d','ftp://dataworks1:8080/rinex/obs/2015/173/ucoe1730.15d.Z'),(50009,133,238,'ucoe1730.15n.Z','ucoe1730.15n.Z',3,15,'2015-06-22 00:00:00','2015-06-22 23:59:45',2015,173,'2015-06-23 00:00:00',31822,'c985b20581e14357d47c9cdb6a83005a','ftp://dataworks1:8080/rinex/nav/2015/173/ucoe1730.15n.Z'),(50010,134,243,'ugeo1710.15d.Z','ugeo1710.15d.Z',2,15,'2015-06-20 00:00:00','2015-06-20 23:59:45',2015,171,'2015-06-21 00:00:00',647889,'c1e210dd487b76d5fcd5d8cca88d4cb6','ftp://dataworks1:8080/rinex/obs/2015/171/ugeo1710.15d.Z'),(50011,134,243,'ugeo1710.15n.Z','ugeo1710.15n.Z',3,15,'2015-06-20 00:00:00','2015-06-20 23:59:45',2015,171,'2015-06-21 00:00:00',32559,'0c6c77ace1c7d236498d3e005b5e14e6','ftp://dataworks1:8080/rinex/nav/2015/171/ugeo1710.15n.Z'),(50012,134,243,'ugeo1700.15d.Z','ugeo1700.15d.Z',2,15,'2015-06-19 00:00:00','2015-06-19 23:59:45',2015,170,'2015-06-20 00:00:00',645834,'bdf0b3dc0b8ac381805ad9c563227579','ftp://dataworks1:8080/rinex/obs/2015/170/ugeo1700.15d.Z'),(50013,134,243,'ugeo1700.15n.Z','ugeo1700.15n.Z',3,15,'2015-06-19 00:00:00','2015-06-19 23:59:45',2015,170,'2015-06-20 00:00:00',34065,'eb60ad9f78925d3f5f0ddc44c9d13607','ftp://dataworks1:8080/rinex/nav/2015/170/ugeo1700.15n.Z'),(50014,134,243,'ugeo1720.15d.Z','ugeo1720.15d.Z',2,15,'2015-06-21 00:00:00','2015-06-21 23:59:45',2015,172,'2015-06-22 00:00:00',645031,'0771cbc322b39170842d0ae5520c8d25','ftp://dataworks1:8080/rinex/obs/2015/172/ugeo1720.15d.Z'),(50015,134,243,'ugeo1720.15n.Z','ugeo1720.15n.Z',3,15,'2015-06-21 00:00:00','2015-06-21 23:59:45',2015,172,'2015-06-22 00:00:00',33510,'e365d8470ef3efcbfe73f0a43eed4c1f','ftp://dataworks1:8080/rinex/nav/2015/172/ugeo1720.15n.Z'),(50016,134,243,'ugeo1690.15d.Z','ugeo1690.15d.Z',2,15,'2015-06-18 00:00:00','2015-06-18 23:59:45',2015,169,'2015-06-19 00:00:00',645811,'7bcd74ac5e38b57399cfbb7d740d93d2','ftp://dataworks1:8080/rinex/obs/2015/169/ugeo1690.15d.Z'),(50017,134,243,'ugeo1690.15n.Z','ugeo1690.15n.Z',3,15,'2015-06-18 00:00:00','2015-06-18 23:59:45',2015,169,'2015-06-19 00:00:00',33408,'52181ecbaaf5d94a71572680c9d62b72','ftp://dataworks1:8080/rinex/nav/2015/169/ugeo1690.15n.Z'),(50018,134,243,'ugeo1730.15d.Z','ugeo1730.15d.Z',2,15,'2015-06-22 00:00:00','2015-06-22 23:59:45',2015,173,'2015-06-23 00:00:00',645893,'43bd0e97a4637c2479f96f550ae37563','ftp://dataworks1:8080/rinex/obs/2015/173/ugeo1730.15d.Z'),(50019,134,243,'ugeo1730.15n.Z','ugeo1730.15n.Z',3,15,'2015-06-22 00:00:00','2015-06-22 23:59:45',2015,173,'2015-06-23 00:00:00',33774,'67c0f6e6531244d173182580f2424f94','ftp://dataworks1:8080/rinex/nav/2015/173/ugeo1730.15n.Z'),(50020,135,247,'usmx1700.15d.Z','usmx1700.15d.Z',2,15,'2015-06-19 00:00:00','2015-06-19 23:59:45',2015,170,'2015-06-20 00:00:00',656985,'79dd52df0d0b5022bf524601f5b99564','ftp://dataworks1:8080/rinex/obs/2015/170/usmx1700.15d.Z'),(50021,135,247,'usmx1700.15n.Z','usmx1700.15n.Z',3,15,'2015-06-19 00:00:00','2015-06-19 23:59:45',2015,170,'2015-06-20 00:00:00',34359,'749c0738a95839c63d633829cea8b9b0','ftp://dataworks1:8080/rinex/nav/2015/170/usmx1700.15n.Z'),(50022,135,247,'usmx1700.15m.Z','usmx1700.15m.Z',6,15,'2015-06-19 00:00:00','2015-06-19 23:59:45',2015,170,'2015-06-20 00:00:00',19020,'9807abe269c101320ee7a6d7c35e067a','ftp://dataworks1:8080/rinex/met/2015/170/usmx1700.15m.Z'),(50023,135,247,'usmx1710.15d.Z','usmx1710.15d.Z',2,15,'2015-06-20 00:00:00','2015-06-20 23:59:45',2015,171,'2015-06-21 00:00:00',669056,'f464f9fe60cece62c96faad8426620a4','ftp://dataworks1:8080/rinex/obs/2015/171/usmx1710.15d.Z'),(50024,135,247,'usmx1710.15n.Z','usmx1710.15n.Z',3,15,'2015-06-20 00:00:00','2015-06-20 23:59:45',2015,171,'2015-06-21 00:00:00',33037,'3b7c58fb25550acd049e18c393edd485','ftp://dataworks1:8080/rinex/nav/2015/171/usmx1710.15n.Z'),(50025,135,247,'usmx1710.15m.Z','usmx1710.15m.Z',6,15,'2015-06-20 00:00:00','2015-06-20 23:59:45',2015,171,'2015-06-21 00:00:00',19095,'43f8399c73f1e398b4c0e73f1a5e1a12','ftp://dataworks1:8080/rinex/met/2015/171/usmx1710.15m.Z'),(50026,135,247,'usmx1690.15d.Z','usmx1690.15d.Z',2,15,'2015-06-18 00:00:00','2015-06-18 23:59:45',2015,169,'2015-06-19 00:00:00',666099,'88c6bf066690cf27a56f8b8ca43a4eb3','ftp://dataworks1:8080/rinex/obs/2015/169/usmx1690.15d.Z'),(50027,135,247,'usmx1690.15n.Z','usmx1690.15n.Z',3,15,'2015-06-18 00:00:00','2015-06-18 23:59:45',2015,169,'2015-06-19 00:00:00',33422,'de7a912a71ea323cb61828c5e4d9fece','ftp://dataworks1:8080/rinex/nav/2015/169/usmx1690.15n.Z'),(50028,135,247,'usmx1690.15m.Z','usmx1690.15m.Z',6,15,'2015-06-18 00:00:00','2015-06-18 23:59:45',2015,169,'2015-06-19 00:00:00',19122,'9b273babcbb2788a128b7027ee85a7f4','ftp://dataworks1:8080/rinex/met/2015/169/usmx1690.15m.Z'),(50029,135,247,'usmx1720.15d.Z','usmx1720.15d.Z',2,15,'2015-06-21 00:00:00','2015-06-21 23:59:45',2015,172,'2015-06-22 00:00:00',675845,'dbd8b34191c05a0bbf93c31da19a9292','ftp://dataworks1:8080/rinex/obs/2015/172/usmx1720.15d.Z'),(50030,135,247,'usmx1720.15n.Z','usmx1720.15n.Z',3,15,'2015-06-21 00:00:00','2015-06-21 23:59:45',2015,172,'2015-06-22 00:00:00',33915,'66a94f7ce61d630205970e347fc4f2c0','ftp://dataworks1:8080/rinex/nav/2015/172/usmx1720.15n.Z'),(50031,135,247,'usmx1720.15m.Z','usmx1720.15m.Z',6,15,'2015-06-21 00:00:00','2015-06-21 23:59:45',2015,172,'2015-06-22 00:00:00',19118,'3db7db63b74734d8c95937ad9ccaf162','ftp://dataworks1:8080/rinex/met/2015/172/usmx1720.15m.Z'),(50032,135,247,'usmx1730.15d.Z','usmx1730.15d.Z',2,15,'2015-06-22 00:00:00','2015-06-22 23:59:45',2015,173,'2015-06-23 00:00:00',674270,'e15c86b13afdcf11502d96496f78ec85','ftp://dataworks1:8080/rinex/obs/2015/173/usmx1730.15d.Z'),(50033,135,247,'usmx1730.15n.Z','usmx1730.15n.Z',3,15,'2015-06-22 00:00:00','2015-06-22 23:59:45',2015,173,'2015-06-23 00:00:00',34408,'7518f214c21389c778d2b6b648edaea1','ftp://dataworks1:8080/rinex/nav/2015/173/usmx1730.15n.Z'),(50034,135,247,'usmx1730.15m.Z','usmx1730.15m.Z',6,15,'2015-06-22 00:00:00','2015-06-22 23:59:45',2015,173,'2015-06-23 00:00:00',19230,'d89aabd18030950058ccd6352f41b406','ftp://dataworks1:8080/rinex/met/2015/173/usmx1730.15m.Z'),(50035,136,254,'uton1720.15d.Z','uton1720.15d.Z',2,15,'2015-06-21 00:00:00','2015-06-21 23:59:45',2015,172,'2015-06-22 00:00:00',715927,'e70213a5ae229a1624cdf73c2c95bf4f','ftp://dataworks1:8080/rinex/obs/2015/172/uton1720.15d.Z'),(50036,136,254,'uton1720.15n.Z','uton1720.15n.Z',3,15,'2015-06-21 00:00:00','2015-06-21 23:59:45',2015,172,'2015-06-22 00:00:00',34637,'1bd573fbdedeef3a5a9a1582029ae03a','ftp://dataworks1:8080/rinex/nav/2015/172/uton1720.15n.Z'),(50037,136,254,'uton1710.15d.Z','uton1710.15d.Z',2,15,'2015-06-20 00:00:00','2015-06-20 23:59:45',2015,171,'2015-06-21 00:00:00',719495,'3115c0a39ab4a563f3bfdea02bb221a5','ftp://dataworks1:8080/rinex/obs/2015/171/uton1710.15d.Z'),(50038,136,254,'uton1710.15n.Z','uton1710.15n.Z',3,15,'2015-06-20 00:00:00','2015-06-20 23:59:45',2015,171,'2015-06-21 00:00:00',34016,'5c47cd36d2ea920b9d056ab8885e8519','ftp://dataworks1:8080/rinex/nav/2015/171/uton1710.15n.Z'),(50039,136,254,'uton1690.15d.Z','uton1690.15d.Z',2,15,'2015-06-18 00:00:00','2015-06-18 23:59:45',2015,169,'2015-06-19 00:00:00',715917,'f411f8889174071cc6f8e4f700e67639','ftp://dataworks1:8080/rinex/obs/2015/169/uton1690.15d.Z'),(50040,136,254,'uton1690.15n.Z','uton1690.15n.Z',3,15,'2015-06-18 00:00:00','2015-06-18 23:59:45',2015,169,'2015-06-19 00:00:00',34533,'7e5988602fe038fab8f3784133313390','ftp://dataworks1:8080/rinex/nav/2015/169/uton1690.15n.Z'),(50041,136,254,'uton1730.15d.Z','uton1730.15d.Z',2,15,'2015-06-22 00:00:00','2015-06-22 23:59:45',2015,173,'2015-06-23 00:00:00',715853,'df8fb7e5ba63a6410214df834f3c3de3','ftp://dataworks1:8080/rinex/obs/2015/173/uton1730.15d.Z'),(50042,136,254,'uton1730.15n.Z','uton1730.15n.Z',3,15,'2015-06-22 00:00:00','2015-06-22 23:59:45',2015,173,'2015-06-23 00:00:00',34275,'db31c10626a53cc7e5126f347791c5e6','ftp://dataworks1:8080/rinex/nav/2015/173/uton1730.15n.Z'),(50043,136,254,'uton1700.15d.Z','uton1700.15d.Z',2,15,'2015-06-19 00:00:00','2015-06-19 23:59:45',2015,170,'2015-06-20 00:00:00',720188,'5db172d092effa88c2f4a73809aa60c5','ftp://dataworks1:8080/rinex/obs/2015/170/uton1700.15d.Z'),(50044,136,254,'uton1700.15n.Z','uton1700.15n.Z',3,15,'2015-06-19 00:00:00','2015-06-19 23:59:45',2015,170,'2015-06-20 00:00:00',35717,'0f96fef0d63d19328f316b4e70aceab4','ftp://dataworks1:8080/rinex/nav/2015/170/uton1700.15n.Z'),(50045,137,259,'uxal1700.15d.Z','uxal1700.15d.Z',2,15,'2015-06-19 00:00:00','2015-06-19 23:59:45',2015,170,'2015-06-20 00:00:00',595013,'c3b5e99885c55c374ec6c7581d04863b','ftp://dataworks1:8080/rinex/obs/2015/170/uxal1700.15d.Z'),(50046,137,259,'uxal1700.15n.Z','uxal1700.15n.Z',3,15,'2015-06-19 00:00:00','2015-06-19 23:59:45',2015,170,'2015-06-20 00:00:00',30954,'2cb214e25204949f85b38e8f8ab46104','ftp://dataworks1:8080/rinex/nav/2015/170/uxal1700.15n.Z'),(50047,137,259,'uxal1710.15d.Z','uxal1710.15d.Z',2,15,'2015-06-20 00:00:00','2015-06-20 23:59:45',2015,171,'2015-06-21 00:00:00',598172,'0d5d91ac7b10f747b22cd588561b0856','ftp://dataworks1:8080/rinex/obs/2015/171/uxal1710.15d.Z'),(50048,137,259,'uxal1710.15n.Z','uxal1710.15n.Z',3,15,'2015-06-20 00:00:00','2015-06-20 23:59:45',2015,171,'2015-06-21 00:00:00',29658,'79d7a62ffdbffc1f48c7b3afa88b9f48','ftp://dataworks1:8080/rinex/nav/2015/171/uxal1710.15n.Z'),(50049,137,259,'uxal1720.15d.Z','uxal1720.15d.Z',2,15,'2015-06-21 00:00:00','2015-06-21 23:59:45',2015,172,'2015-06-22 00:00:00',594586,'d87441bcf51f2de2a4ee59faa5f3ff3d','ftp://dataworks1:8080/rinex/obs/2015/172/uxal1720.15d.Z'),(50050,137,259,'uxal1720.15n.Z','uxal1720.15n.Z',3,15,'2015-06-21 00:00:00','2015-06-21 23:59:45',2015,172,'2015-06-22 00:00:00',30662,'723146e5233a75c6caa647361e07025d','ftp://dataworks1:8080/rinex/nav/2015/172/uxal1720.15n.Z'),(50051,137,259,'uxal1690.15d.Z','uxal1690.15d.Z',2,15,'2015-06-18 00:00:00','2015-06-18 23:59:45',2015,169,'2015-06-19 00:00:00',596219,'751961aff9d1c4eeca64dea3b286783f','ftp://dataworks1:8080/rinex/obs/2015/169/uxal1690.15d.Z'),(50052,137,259,'uxal1690.15n.Z','uxal1690.15n.Z',3,15,'2015-06-18 00:00:00','2015-06-18 23:59:45',2015,169,'2015-06-19 00:00:00',30234,'302a70d1643ead51f07c9fd7b2411370','ftp://dataworks1:8080/rinex/nav/2015/169/uxal1690.15n.Z'),(50053,137,259,'uxal1730.15d.Z','uxal1730.15d.Z',2,15,'2015-06-22 00:00:00','2015-06-22 23:59:45',2015,173,'2015-06-23 00:00:00',599095,'18828854814d25d867ee52f4a51b4792','ftp://dataworks1:8080/rinex/obs/2015/173/uxal1730.15d.Z'),(50054,137,259,'uxal1730.15n.Z','uxal1730.15n.Z',3,15,'2015-06-22 00:00:00','2015-06-22 23:59:45',2015,173,'2015-06-23 00:00:00',31007,'aa06c552725f92248680a8acf4d7096a','ftp://dataworks1:8080/rinex/nav/2015/173/uxal1730.15n.Z'),(50055,138,263,'yesx1730.15d.Z','yesx1730.15d.Z',2,15,'2015-06-22 00:00:00','2015-06-22 23:59:45',2015,173,'2015-06-23 00:00:00',662335,'e2889c0e41e23487e324f064f86c0deb','ftp://dataworks1:8080/rinex/obs/2015/173/yesx1730.15d.Z'),(50056,138,263,'yesx1730.15n.Z','yesx1730.15n.Z',3,15,'2015-06-22 00:00:00','2015-06-22 23:59:45',2015,173,'2015-06-23 00:00:00',33984,'ec328731a19f0ab2e162fdfa413b2a23','ftp://dataworks1:8080/rinex/nav/2015/173/yesx1730.15n.Z'),(50057,138,263,'yesx1730.15m.Z','yesx1730.15m.Z',6,15,'2015-06-22 00:00:00','2015-06-22 23:59:45',2015,173,'2015-06-23 00:00:00',65093,'35cdc3abc868a5c15e47474c276a109a','ftp://dataworks1:8080/rinex/met/2015/173/yesx1730.15m.Z'),(50058,138,263,'yesx1700.15d.Z','yesx1700.15d.Z',2,15,'2015-06-19 00:00:00','2015-06-19 23:59:45',2015,170,'2015-06-20 00:00:00',653675,'ebfb75e457fe50e90ce19c02debd79c0','ftp://dataworks1:8080/rinex/obs/2015/170/yesx1700.15d.Z'),(50059,138,263,'yesx1700.15n.Z','yesx1700.15n.Z',3,15,'2015-06-19 00:00:00','2015-06-19 23:59:45',2015,170,'2015-06-20 00:00:00',34588,'b06c373e4fede421dcda088db722cd4e','ftp://dataworks1:8080/rinex/nav/2015/170/yesx1700.15n.Z'),(50060,138,263,'yesx1700.15m.Z','yesx1700.15m.Z',6,15,'2015-06-19 00:00:00','2015-06-19 23:59:45',2015,170,'2015-06-20 00:00:00',66745,'8b2b6df988fc9a31ed6f78d1b680a9cb','ftp://dataworks1:8080/rinex/met/2015/170/yesx1700.15m.Z'),(50061,138,263,'yesx1720.15d.Z','yesx1720.15d.Z',2,15,'2015-06-21 00:00:00','2015-06-21 23:59:45',2015,172,'2015-06-22 00:00:00',661623,'dd8cbf966a28c24299a3c99de0198320','ftp://dataworks1:8080/rinex/obs/2015/172/yesx1720.15d.Z'),(50062,138,263,'yesx1720.15n.Z','yesx1720.15n.Z',3,15,'2015-06-21 00:00:00','2015-06-21 23:59:45',2015,172,'2015-06-22 00:00:00',33611,'5e7bbbc00582cd99131c122bf0da8f03','ftp://dataworks1:8080/rinex/nav/2015/172/yesx1720.15n.Z'),(50063,138,263,'yesx1720.15m.Z','yesx1720.15m.Z',6,15,'2015-06-21 00:00:00','2015-06-21 23:59:45',2015,172,'2015-06-22 00:00:00',66865,'4b0c3f3ce63d13f76bbb28b6febac84f','ftp://dataworks1:8080/rinex/met/2015/172/yesx1720.15m.Z'),(50064,138,263,'yesx1710.15d.Z','yesx1710.15d.Z',2,15,'2015-06-20 00:00:00','2015-06-20 23:59:45',2015,171,'2015-06-21 00:00:00',658119,'8d0e16ab681181a01f112e1e0317ad81','ftp://dataworks1:8080/rinex/obs/2015/171/yesx1710.15d.Z'),(50065,138,263,'yesx1710.15n.Z','yesx1710.15n.Z',3,15,'2015-06-20 00:00:00','2015-06-20 23:59:45',2015,171,'2015-06-21 00:00:00',33215,'67833112e3f55245680c24b54feae0a5','ftp://dataworks1:8080/rinex/nav/2015/171/yesx1710.15n.Z'),(50066,138,263,'yesx1710.15m.Z','yesx1710.15m.Z',6,15,'2015-06-20 00:00:00','2015-06-20 23:59:45',2015,171,'2015-06-21 00:00:00',66007,'ac10489b4199a0a68b97577b6299f37b','ftp://dataworks1:8080/rinex/met/2015/171/yesx1710.15m.Z'),(50067,138,263,'yesx1690.15d.Z','yesx1690.15d.Z',2,15,'2015-06-18 00:00:00','2015-06-18 23:59:45',2015,169,'2015-06-20 00:00:00',661913,'2b8c467c14c8ea014033e1595894e7d7','ftp://dataworks1:8080/rinex/obs/2015/169/yesx1690.15d.Z'),(50068,138,263,'yesx1690.15n.Z','yesx1690.15n.Z',3,15,'2015-06-18 00:00:00','2015-06-18 23:59:45',2015,169,'2015-06-20 00:00:00',34127,'943f9249ee226a2b08ce5995269d3440','ftp://dataworks1:8080/rinex/nav/2015/169/yesx1690.15n.Z'),(50069,138,263,'yesx1690.15m.Z','yesx1690.15m.Z',6,15,'2015-06-18 00:00:00','2015-06-18 23:59:45',2015,169,'2015-06-20 00:00:00',66735,'ad1309ad9c2c6a3f964f3a646a652571','ftp://dataworks1:8080/rinex/met/2015/169/yesx1690.15m.Z');
/*!40000 ALTER TABLE `datafile` ENABLE KEYS */;
UNLOCK TABLES;

--
-- Table structure for table `datafile_type`
--

DROP TABLE IF EXISTS `datafile_type`;
/*!40101 SET @saved_cs_client     = @@character_set_client */;
/*!40101 SET character_set_client = utf8 */;
CREATE TABLE `datafile_type` (
  `datafile_type_id` int(3) unsigned NOT NULL AUTO_INCREMENT,
  `datafile_type_name` varchar(50) NOT NULL,
  `datafile_type_version` varchar(50) NOT NULL,
  `datafile_type_description` varchar(50) NOT NULL,
  PRIMARY KEY (`datafile_type_id`)
) ENGINE=InnoDB AUTO_INCREMENT=9 DEFAULT CHARSET=utf8;
/*!40101 SET character_set_client = @saved_cs_client */;

--
-- Dumping data for table `datafile_type`
--

LOCK TABLES `datafile_type` WRITE;
/*!40000 ALTER TABLE `datafile_type` DISABLE KEYS */;
INSERT INTO `datafile_type` VALUES (1,'instrument data file','','Any type or format of native, raw, or binary file '),(2,'RINEX observation file','','a RINEX \'o\' obs file; may be compressed'),(3,'RINEX GPS navigation file','','a RINEX \'n\' nav file; may be compressed'),(4,'RINEX Galileo navigation file','','a RINEX \'e\' nav file; may be compressed'),(5,'RINEX GLONASS navigation file','','a RINEX \'g\' nav file; may be compressed'),(6,'RINEX meteorology file','','a RINEX \'m\' met file; may be compressed'),(7,'RINEX QZSS navigation file','','a RINEX \'j\' nav file; may be compressed'),(8,'RINEX Beidou navigation file','','a RINEX \'c\' nav file; may be compressed');
/*!40000 ALTER TABLE `datafile_type` ENABLE KEYS */;
UNLOCK TABLES;

--
-- Table structure for table `ellipsoid`
--

DROP TABLE IF EXISTS `ellipsoid`;
/*!40101 SET @saved_cs_client     = @@character_set_client */;
/*!40101 SET character_set_client = utf8 */;
CREATE TABLE `ellipsoid` (
  `ellipsoid_id` int(4) unsigned NOT NULL AUTO_INCREMENT,
  `ellipsoid_name` varchar(45) NOT NULL,
  `ellipsoid_short_name` varchar(10) DEFAULT NULL,
  PRIMARY KEY (`ellipsoid_id`)
) ENGINE=InnoDB AUTO_INCREMENT=4 DEFAULT CHARSET=utf8;
/*!40101 SET character_set_client = @saved_cs_client */;

--
-- Dumping data for table `ellipsoid`
--

LOCK TABLES `ellipsoid` WRITE;
/*!40000 ALTER TABLE `ellipsoid` DISABLE KEYS */;
INSERT INTO `ellipsoid` VALUES (1,'WGS 84','WGS 84'),(2,'GRS 80','GRS 80'),(3,'PZ-90','PZ-90');
/*!40000 ALTER TABLE `ellipsoid` ENABLE KEYS */;
UNLOCK TABLES;

--
-- Table structure for table `equip_config`
--

DROP TABLE IF EXISTS `equip_config`;
/*!40101 SET @saved_cs_client     = @@character_set_client */;
/*!40101 SET character_set_client = utf8 */;
CREATE TABLE `equip_config` (
  `equip_config_id` int(6) unsigned NOT NULL AUTO_INCREMENT,
  `station_id` int(6) unsigned NOT NULL,
  `create_time` datetime NOT NULL,
  `equip_config_start_time` datetime NOT NULL,
  `equip_config_stop_time` datetime DEFAULT NULL,
  `antenna_id` int(3) unsigned NOT NULL,
  `antenna_serial_number` varchar(20) NOT NULL,
  `antenna_height` float NOT NULL,
  `metpack_id` int(3) unsigned DEFAULT NULL,
  `metpack_serial_number` varchar(20) DEFAULT NULL,
  `radome_id` int(3) unsigned NOT NULL,
  `radome_serial_number` varchar(20) NOT NULL,
  `receiver_firmware_id` int(3) unsigned NOT NULL,
  `receiver_serial_number` varchar(20) NOT NULL,
  `satellite_system` varchar(20) DEFAULT NULL,
  `sample_interval` float DEFAULT NULL,
  PRIMARY KEY (`equip_config_id`),
  KEY `station_id_idx` (`station_id`),
  KEY `antenna_id_idx` (`antenna_id`),
  KEY `metpack_id_idx` (`metpack_id`),
  KEY `receiver_firmware_id_idx` (`receiver_firmware_id`),
  KEY `radome_id_idx` (`radome_id`),
  CONSTRAINT `antenna_id` FOREIGN KEY (`antenna_id`) REFERENCES `antenna` (`antenna_id`) ON DELETE NO ACTION ON UPDATE NO ACTION,
  CONSTRAINT `metpack_id` FOREIGN KEY (`metpack_id`) REFERENCES `metpack` (`metpack_id`) ON DELETE NO ACTION ON UPDATE NO ACTION,
  CONSTRAINT `radome_id` FOREIGN KEY (`radome_id`) REFERENCES `radome` (`radome_id`) ON DELETE NO ACTION ON UPDATE NO ACTION,
  CONSTRAINT `receiver_firmware_id` FOREIGN KEY (`receiver_firmware_id`) REFERENCES `receiver_firmware` (`receiver_firmware_id`) ON DELETE NO ACTION ON UPDATE NO ACTION,
  CONSTRAINT `station_id` FOREIGN KEY (`station_id`) REFERENCES `station` (`station_id`) ON DELETE NO ACTION ON UPDATE NO ACTION
) ENGINE=InnoDB AUTO_INCREMENT=264 DEFAULT CHARSET=utf8;
/*!40101 SET character_set_client = @saved_cs_client */;

--
-- Dumping data for table `equip_config`
--

LOCK TABLES `equip_config` WRITE;
/*!40000 ALTER TABLE `equip_config` DISABLE KEYS */;
INSERT INTO `equip_config` VALUES (145,54,'2012-02-12 00:00:00','2012-02-12 00:00:00','0000-00-00 00:00:00',14,'60142329',0,6,'\n',4,'unspecified',43,'5024K68287','GPS',NULL),(205,115,'2015-06-26 16:17:57','2005-04-27 22:40:30','2005-10-07 23:59:30',15,'60100911',0.077,NULL,NULL,1,' ',44,'153273569','GPS',15),(206,115,'2015-06-26 16:17:57','2005-10-08 00:00:00','2006-12-14 23:59:30',15,'60100911',0.077,NULL,NULL,1,' ',45,'4448240865','GPS',15),(207,115,'2015-06-26 16:17:57','2006-12-15 00:00:00','2007-04-13 23:59:30',15,'60100911',0.077,NULL,NULL,1,' ',46,'4448240865','GPS',15),(208,115,'2015-06-26 16:17:57','2007-07-11 14:53:30','2010-06-27 23:59:30',15,'60100911',0.077,NULL,NULL,1,' ',46,'4543260565','GPS',15),(209,115,'2015-06-26 16:17:57','2010-08-18 23:11:00','2013-10-21 23:59:30',15,'60100911',0.077,NULL,NULL,1,' ',46,'4543260548','GPS',15),(210,115,'2015-06-26 16:17:57','2013-10-22 00:00:00','2015-06-25 23:59:45',15,'60100911',0.077,NULL,NULL,1,' ',47,'4543260548','GPS',15),(211,116,'2015-06-26 16:17:57','2007-09-11 23:57:00','2014-05-30 23:59:30',15,'60046560',0.75,NULL,NULL,2,' ',46,'4543260555','GPS',15),(212,116,'2015-06-26 16:17:57','2014-05-31 00:00:00','2015-06-25 23:59:45',15,'60046560',0.75,NULL,NULL,2,' ',47,'4543260555','GPS',15),(213,117,'2015-06-26 16:17:57','2013-02-21 22:53:30','2013-04-14 23:59:30',15,'60267764',0.067,NULL,NULL,1,' ',46,'4811148233','GPS',15),(214,117,'2015-06-26 16:17:57','2013-11-15 17:01:40','2015-06-25 23:59:45',15,'60267764',0.067,NULL,NULL,1,' ',47,'4445240304','GPS',15),(215,118,'2015-06-26 16:17:57','2014-08-15 14:30:30','2015-06-25 23:59:45',16,'5000112724',0.5,NULL,NULL,1,' ',48,'5137K78333','GPS',15),(216,119,'2015-06-26 16:17:57','2014-09-04 00:00:00','2015-06-25 23:59:45',17,'5343354885',0.0083,NULL,NULL,2,' ',48,'5250K40670','GPS',15),(217,120,'2015-06-26 16:17:57','2014-11-14 16:06:45','2015-06-25 23:59:45',17,'5332354764',0.0083,NULL,NULL,2,' ',48,'5250K40410','GPS',15),(218,121,'2015-06-26 16:17:57','2014-11-28 20:37:00','2015-06-25 23:59:45',17,'5343354882',0.0083,NULL,NULL,2,' ',48,'5250K40764','GPS',15),(219,122,'2015-06-26 16:17:57','2014-09-08 17:00:15','2015-06-25 23:59:45',17,'5330354725',0.0083,NULL,NULL,2,' ',48,'5250K40772','GPS',15),(220,123,'2015-06-26 16:17:57','2014-07-18 18:06:30','2015-06-25 23:59:45',17,'5338354829',0.0083,NULL,NULL,2,' ',48,'5250K40686','GPS',15),(221,124,'2015-06-26 16:17:57','2014-07-16 19:14:30','2015-06-25 23:59:45',17,'5343354880',0.0083,NULL,NULL,2,' ',48,'5250K40707','GPS',15),(222,125,'2015-06-26 16:17:57','2008-06-13 20:41:05','2015-06-10 23:59:45',15,'60133638',0.2787,NULL,NULL,1,' ',46,'4731136275','GPS',15),(223,126,'2015-06-26 16:17:57','2014-09-10 18:04:00','2015-06-08 23:59:45',17,'5330354727',0.0083,NULL,NULL,2,' ',48,'5250K40737','GPS',15),(224,127,'2015-06-26 16:17:57','2014-09-06 00:00:00','2015-06-25 23:59:45',17,'5329354721',0.0083,NULL,NULL,2,' ',48,'5250K40400','GPS',15),(225,128,'2015-06-26 16:17:57','2014-11-15 23:36:30','2015-06-25 23:59:45',17,'5337354827',0.0083,NULL,NULL,2,' ',48,'5250K40779','GPS',15),(226,129,'2015-06-26 16:17:57','2014-11-18 22:12:15','2015-06-11 23:59:45',17,'5343354876',0.0083,NULL,NULL,2,' ',48,'5347K47642','GPS',15),(227,130,'2015-06-26 16:17:57','2015-02-11 19:05:00','2015-03-12 23:59:45',17,'5330354729',0.0083,NULL,NULL,2,' ',48,'5341K46188','GPS',15),(228,131,'2015-06-26 16:17:57','2015-02-06 00:32:30','2015-06-25 23:59:45',17,'5338354836',0.0083,NULL,NULL,2,' ',48,'5250K40774','GPS',15),(229,132,'2015-06-26 16:17:57','2008-04-05 00:00:00','2013-04-14 23:59:55',15,'60243753',0.75,NULL,NULL,2,' ',49,'4448240858','GPS',15),(230,132,'2015-06-26 16:17:57','2013-07-31 16:07:00','2015-06-18 23:59:45',15,'60243753',0.75,NULL,NULL,2,' ',47,'4811148222','GPS',15),(231,132,'2015-06-26 16:17:57','2015-06-19 15:46:45','2015-06-25 23:59:45',15,'60243753',0.75,NULL,NULL,2,' ',47,'4543260571','GPS',15),(232,133,'2015-06-26 16:17:57','2005-10-07 14:35:20','2006-11-06 23:59:55',15,'n/a',0.077,NULL,NULL,1,' ',45,'4448240862','GPS',15),(233,133,'2015-06-26 16:17:57','2006-11-07 00:00:00','2006-11-07 23:59:55',15,'n/a',0.077,NULL,NULL,1,' ',46,'4448240862','GPS',15),(234,133,'2015-06-26 16:17:57','2009-12-09 00:00:00','2011-03-07 23:59:30',15,'n/a',0.077,NULL,NULL,1,' ',50,'4811146959','GPS',15),(235,133,'2015-06-26 16:17:57','2011-03-08 21:10:20','2012-10-17 23:59:30',18,'41031331',0.077,NULL,NULL,1,' ',51,'5037K70384','GPS',15),(236,133,'2015-06-26 16:17:57','2012-11-09 17:55:00','2013-06-18 22:51:00',18,'41031331',0.077,NULL,NULL,1,' ',52,'5037K70384','GPS',15),(237,133,'2015-06-26 16:17:57','2013-06-19 00:00:00','2014-08-18 23:59:55',18,'41031331',0.077,NULL,NULL,1,' ',53,'5037K70384','GPS',15),(238,133,'2015-06-26 16:17:57','2014-08-19 00:00:00','2015-06-23 23:59:45',18,'41031331',0.077,NULL,NULL,1,' ',48,'5037K70384','GPS',15),(239,134,'2015-06-26 16:17:57','2000-03-01 00:23:30','2000-03-20 23:59:00',19,'3326A684980',0.0081,NULL,NULL,1,' ',54,'3452','GPS',15),(240,134,'2015-06-26 16:17:57','2003-04-06 00:54:00','2010-01-19 00:00:00',19,'3326A684980',0.13,NULL,NULL,1,' ',55,'220214227','GPS',15),(241,134,'2015-06-26 16:17:57','2010-05-06 21:15:30','2010-12-14 23:59:30',19,'20193781',0.13,NULL,NULL,1,' ',45,'4632120761','GPS',15),(242,134,'2015-06-26 16:17:57','2011-02-01 00:00:00','2011-05-23 16:51:00',15,'600019596',0.13,NULL,NULL,1,' ',49,'4543260559','GPS',15),(243,134,'2015-06-26 16:17:57','2015-02-17 17:08:15','2015-06-25 23:59:45',15,'600019596',0.13,NULL,NULL,1,' ',47,'4448240868','GPS',15),(244,135,'2015-06-26 16:17:57','2004-06-12 16:58:00','2004-12-24 04:30:00',20,'CR519991893',0.0083,NULL,NULL,2,' ',56,'3616A15408','GPS',15),(245,135,'2015-06-26 16:17:57','2005-02-06 18:51:00','2005-08-16 23:59:45',20,'CR519991893',0.0083,NULL,NULL,2,' ',57,'4448240860','GPS',15),(246,135,'2015-06-26 16:17:57','2005-08-17 00:00:00','2009-03-13 23:59:45',20,'CR519991893',0.0083,NULL,NULL,2,' ',49,'4448240860','GPS',15),(247,135,'2015-06-26 16:17:57','2014-07-15 14:22:45','2015-06-25 23:59:45',17,'5343354887',0.0083,NULL,NULL,2,' ',48,'5341K46185','GPS',15),(248,136,'2015-06-26 16:17:57','2000-04-27 00:07:00','2001-12-03 23:59:30',21,'66588',0.0792,NULL,NULL,1,' ',54,'0000003446','GPS',15),(249,136,'2015-06-26 16:17:57','2001-12-14 17:03:30','2002-05-09 00:00:00',22,'N/A',0.0792,NULL,NULL,1,' ',55,'220217849','GPS',15),(250,136,'2015-06-26 16:17:57','2002-05-22 17:08:30','2004-10-11 00:00:00',23,'N/A',0.0792,NULL,NULL,1,' ',55,'0220219339','GPS',15),(251,136,'2015-06-26 16:17:57','2004-10-13 00:00:00','2010-02-05 23:59:30',21,'0',0.0792,NULL,NULL,1,' ',58,'0000003446','GPS',15),(252,136,'2015-06-26 16:17:57','2012-12-04 03:19:20','2013-01-09 21:00:05',18,'n/a',0.0792,NULL,NULL,1,' ',52,'5051K72660','GPS',15),(253,136,'2015-06-26 16:17:57','2013-01-10 00:00:00','2014-04-02 23:59:55',18,'n/a',0.0792,NULL,NULL,1,' ',52,'5037K70276','GPS',15),(254,136,'2015-06-26 16:17:57','2014-04-03 00:00:00','2015-06-25 23:59:45',18,'n/a',0.0792,NULL,NULL,1,' ',48,'5037K70276','GPS',15),(255,137,'2015-06-26 16:17:57','2005-09-14 23:00:20','2006-05-17 23:59:55',15,'12668894',0.0533,NULL,NULL,1,' ',45,'4445240420','GPS',15),(256,137,'2015-06-26 16:17:57','2006-05-18 00:00:00','2013-09-05 15:06:00',15,'12668894',0.0533,NULL,NULL,1,' ',46,'4445240420','GPS',15),(257,137,'2015-06-26 16:17:57','2013-11-12 20:05:00','2014-03-24 03:26:30',15,'12668894',0.0533,NULL,NULL,1,' ',47,'4445240420','GPS',15),(258,137,'2015-06-26 16:17:57','2014-08-25 14:40:20','2014-09-15 23:59:55',15,'12668894',0.0533,NULL,NULL,1,' ',47,'4542260453','GPS',15),(259,137,'2015-06-26 16:17:57','2014-11-14 19:05:50','2015-06-25 23:59:45',15,'12668894',0.0533,NULL,NULL,1,' ',47,'4448240858','GPS',15),(260,138,'2015-06-26 16:17:57','2004-06-13 19:36:00','2004-12-18 16:46:00',20,'CR519991847',0.0083,NULL,NULL,2,' ',56,'3616A15259','GPS',15),(261,138,'2015-06-26 16:17:57','2005-02-08 18:15:30','2005-07-27 23:59:45',20,'CR519991847',0.0083,NULL,NULL,2,' ',57,'4427235648','GPS',15),(262,138,'2015-06-26 16:17:57','2005-07-28 00:00:00','2011-07-04 23:59:45',20,'CR519991847',0.0083,NULL,NULL,2,' ',49,'4427235648','GPS',15),(263,138,'2015-06-26 16:17:57','2014-12-07 00:00:00','2015-06-25 23:59:45',17,'32942',0.0083,NULL,NULL,2,' ',48,'5347K47614','GPS',15);
/*!40000 ALTER TABLE `equip_config` ENABLE KEYS */;
UNLOCK TABLES;

--
-- Table structure for table `locale`
--

DROP TABLE IF EXISTS `locale`;
/*!40101 SET @saved_cs_client     = @@character_set_client */;
/*!40101 SET character_set_client = utf8 */;
CREATE TABLE `locale` (
  `locale_id` int(3) unsigned NOT NULL AUTO_INCREMENT,
  `locale_info` varchar(70) NOT NULL,
  PRIMARY KEY (`locale_id`)
) ENGINE=InnoDB AUTO_INCREMENT=55 DEFAULT CHARSET=utf8;
/*!40101 SET character_set_client = @saved_cs_client */;

--
-- Dumping data for table `locale`
--

LOCK TABLES `locale` WRITE;
/*!40000 ALTER TABLE `locale` DISABLE KEYS */;
INSERT INTO `locale` VALUES (33,'Boulder Colorado'),(34,'Puerto Escondido'),(35,'Tehuantepec'),(36,'Puerto Angel'),(37,'Altzomoni'),(38,'Hermosillo'),(39,'Acatlan'),(40,'Bahi De Los Angeles'),(41,'Cuauhtemoc'),(42,'Yecora'),(43,'Moctezuma'),(44,'Morelia'),(45,'Maruata'),(46,'Nochixtlan'),(47,'Pijijiapan'),(48,'Puerto Peasco'),(49,'Topolobampo'),(50,'Aguascalientes'),(51,'Coeneo'),(52,'Guadalajara'),(53,'Tonantzintla'),(54,'Jalapa');
/*!40000 ALTER TABLE `locale` ENABLE KEYS */;
UNLOCK TABLES;

--
-- Table structure for table `metpack`
--

DROP TABLE IF EXISTS `metpack`;
/*!40101 SET @saved_cs_client     = @@character_set_client */;
/*!40101 SET character_set_client = utf8 */;
CREATE TABLE `metpack` (
  `metpack_id` int(5) unsigned NOT NULL AUTO_INCREMENT,
  `metpack_name` varchar(15) NOT NULL,
  PRIMARY KEY (`metpack_id`)
) ENGINE=InnoDB AUTO_INCREMENT=7 DEFAULT CHARSET=utf8;
/*!40101 SET character_set_client = @saved_cs_client */;

--
-- Dumping data for table `metpack`
--

LOCK TABLES `metpack` WRITE;
/*!40000 ALTER TABLE `metpack` DISABLE KEYS */;
INSERT INTO `metpack` VALUES (1,'no metpack'),(2,'WXT520'),(4,''),(5,'WXT510'),(6,'None');
/*!40000 ALTER TABLE `metpack` ENABLE KEYS */;
UNLOCK TABLES;

--
-- Table structure for table `monument_style`
--

DROP TABLE IF EXISTS `monument_style`;
/*!40101 SET @saved_cs_client     = @@character_set_client */;
/*!40101 SET character_set_client = utf8 */;
CREATE TABLE `monument_style` (
  `monument_style_id` int(3) unsigned NOT NULL AUTO_INCREMENT,
  `monument_style_description` varchar(70) NOT NULL,
  PRIMARY KEY (`monument_style_id`)
) ENGINE=InnoDB AUTO_INCREMENT=8 DEFAULT CHARSET=utf8;
/*!40101 SET character_set_client = @saved_cs_client */;

--
-- Dumping data for table `monument_style`
--

LOCK TABLES `monument_style` WRITE;
/*!40000 ALTER TABLE `monument_style` DISABLE KEYS */;
INSERT INTO `monument_style` VALUES (1,'shallow foundation pillar'),(2,'building roof'),(3,'deep-drilled braced'),(4,'shallow-drilled braced'),(5,'rock-pin'),(6,'Building Roof Top'),(7,'permanent station unspecified');
/*!40000 ALTER TABLE `monument_style` ENABLE KEYS */;
UNLOCK TABLES;

--
-- Table structure for table `network`
--

DROP TABLE IF EXISTS `network`;
/*!40101 SET @saved_cs_client     = @@character_set_client */;
/*!40101 SET character_set_client = utf8 */;
CREATE TABLE `network` (
  `network_id` int(3) unsigned NOT NULL AUTO_INCREMENT,
  `network_name` varchar(50) NOT NULL,
  PRIMARY KEY (`network_id`)
) ENGINE=InnoDB AUTO_INCREMENT=7 DEFAULT CHARSET=utf8;
/*!40101 SET character_set_client = @saved_cs_client */;

--
-- Dumping data for table `network`
--

LOCK TABLES `network` WRITE;
/*!40000 ALTER TABLE `network` DISABLE KEYS */;
INSERT INTO `network` VALUES (4,'UNAVCO (test)'),(5,'my_network');
/*!40000 ALTER TABLE `network` ENABLE KEYS */;
UNLOCK TABLES;

--
-- Table structure for table `radome`
--

DROP TABLE IF EXISTS `radome`;
/*!40101 SET @saved_cs_client     = @@character_set_client */;
/*!40101 SET character_set_client = utf8 */;
CREATE TABLE `radome` (
  `radome_id` int(5) unsigned NOT NULL AUTO_INCREMENT,
  `radome_name` varchar(15) NOT NULL,
  `igs_defined` char(1) NOT NULL DEFAULT 'N',
  PRIMARY KEY (`radome_id`)
) ENGINE=InnoDB AUTO_INCREMENT=5 DEFAULT CHARSET=utf8;
/*!40101 SET character_set_client = @saved_cs_client */;

--
-- Dumping data for table `radome`
--

LOCK TABLES `radome` WRITE;
/*!40000 ALTER TABLE `radome` DISABLE KEYS */;
INSERT INTO `radome` VALUES (1,'NONE','N'),(2,'SCIT','N'),(3,'SCIS','N'),(4,'Unknown','N');
/*!40000 ALTER TABLE `radome` ENABLE KEYS */;
UNLOCK TABLES;

--
-- Table structure for table `receiver_firmware`
--

DROP TABLE IF EXISTS `receiver_firmware`;
/*!40101 SET @saved_cs_client     = @@character_set_client */;
/*!40101 SET character_set_client = utf8 */;
CREATE TABLE `receiver_firmware` (
  `receiver_firmware_id` int(5) unsigned NOT NULL AUTO_INCREMENT,
  `receiver_name` varchar(20) NOT NULL,
  `receiver_firmware` varchar(20) NOT NULL,
  `igs_defined` char(1) NOT NULL DEFAULT 'N',
  PRIMARY KEY (`receiver_firmware_id`)
) ENGINE=InnoDB AUTO_INCREMENT=59 DEFAULT CHARSET=utf8;
/*!40101 SET character_set_client = @saved_cs_client */;

--
-- Dumping data for table `receiver_firmware`
--

LOCK TABLES `receiver_firmware` WRITE;
/*!40000 ALTER TABLE `receiver_firmware` DISABLE KEYS */;
INSERT INTO `receiver_firmware` VALUES (43,'NetR9','4.85','N'),(44,'TRIMBLE NETRS','1.0-3','N'),(45,'TRIMBLE NETRS','1.1-3','N'),(46,'TRIMBLE NETRS','1.1-5','N'),(47,'TRIMBLE NETRS','1.3-2','N'),(48,'TRIMBLE NETR9','4.85','N'),(49,'TRIMBLE NETRS','1.1-2','N'),(50,'TRIMBLE NETRS','1.2-5','N'),(51,'TRIMBLE NETR9','4.17','N'),(52,'TRIMBLE NETR9','4.62','N'),(53,'TRIMBLE NETR9','4.70','N'),(54,'TRIMBLE 4000SSE','7.29/3.07','N'),(55,'TRIMBLE 4700','1.37','N'),(56,'TRIMBLE 4000SSI','7.19b','N'),(57,'TRIMBLE NETRS','1.1-1','N'),(58,'TRIMBLE 4000SSE','7.19/3.04','N');
/*!40000 ALTER TABLE `receiver_firmware` ENABLE KEYS */;
UNLOCK TABLES;

--
-- Table structure for table `station`
--

DROP TABLE IF EXISTS `station`;
/*!40101 SET @saved_cs_client     = @@character_set_client */;
/*!40101 SET character_set_client = utf8 */;
CREATE TABLE `station` (
  `station_id` int(6) unsigned NOT NULL AUTO_INCREMENT,
  `four_char_name` char(4) NOT NULL,
  `station_name` varchar(50) NOT NULL,
  `latitude_north` double NOT NULL,
  `longitude_east` double NOT NULL,
  `height_above_ellipsoid` float NOT NULL,
  `installed_date` datetime NOT NULL,
  `retired_date` datetime DEFAULT NULL,
  `style_id` int(3) unsigned NOT NULL,
  `status_id` int(3) unsigned NOT NULL,
  `access_id` int(3) unsigned NOT NULL,
  `monument_style_id` int(3) unsigned NOT NULL,
  `country_id` int(3) unsigned NOT NULL,
  `locale_id` int(3) unsigned NOT NULL,
  `ellipsoid_id` int(1) unsigned NOT NULL,
  `iers_domes` char(9) DEFAULT NULL,
  `operator_agency_id` int(3) unsigned DEFAULT NULL,
  `data_publisher_agency_id` int(3) unsigned DEFAULT NULL,
  `network_id` int(5) unsigned NOT NULL,
  `mirrored_from_URL` varchar(120) DEFAULT NULL,
  `station_image_URL` varchar(120) DEFAULT NULL,
  `time_series_URL` varchar(120) DEFAULT NULL,
  PRIMARY KEY (`station_id`),
  KEY `style_id_idx` (`style_id`),
  KEY `status_id_idx` (`status_id`),
  KEY `access_id_idx` (`access_id`),
  KEY `monument_style_id_idx` (`monument_style_id`),
  KEY `country_id_idx` (`country_id`),
  KEY `locale_id_idx` (`locale_id`),
  KEY `ellipsoid_id_idx` (`ellipsoid_id`),
  KEY `operator_agency_id_idx` (`operator_agency_id`),
  KEY `data_publisher_agency_id_idx` (`data_publisher_agency_id`),
  KEY `network_id_idx` (`network_id`),
  CONSTRAINT `access_id` FOREIGN KEY (`access_id`) REFERENCES `access` (`access_id`) ON DELETE NO ACTION ON UPDATE NO ACTION,
  CONSTRAINT `country_id` FOREIGN KEY (`country_id`) REFERENCES `country` (`country_id`) ON DELETE NO ACTION ON UPDATE NO ACTION,
  CONSTRAINT `data_publisher_agency_id` FOREIGN KEY (`data_publisher_agency_id`) REFERENCES `agency` (`agency_id`) ON DELETE NO ACTION ON UPDATE NO ACTION,
  CONSTRAINT `ellipsoid_id` FOREIGN KEY (`ellipsoid_id`) REFERENCES `ellipsoid` (`ellipsoid_id`) ON DELETE NO ACTION ON UPDATE NO ACTION,
  CONSTRAINT `locale_id` FOREIGN KEY (`locale_id`) REFERENCES `locale` (`locale_id`) ON DELETE NO ACTION ON UPDATE NO ACTION,
  CONSTRAINT `monument_style_id` FOREIGN KEY (`monument_style_id`) REFERENCES `monument_style` (`monument_style_id`) ON DELETE NO ACTION ON UPDATE NO ACTION,
  CONSTRAINT `network_id` FOREIGN KEY (`network_id`) REFERENCES `network` (`network_id`) ON DELETE NO ACTION ON UPDATE NO ACTION,
  CONSTRAINT `operator_agency_id` FOREIGN KEY (`operator_agency_id`) REFERENCES `agency` (`agency_id`) ON DELETE NO ACTION ON UPDATE NO ACTION,
  CONSTRAINT `status_id` FOREIGN KEY (`status_id`) REFERENCES `station_status` (`station_status_id`) ON DELETE NO ACTION ON UPDATE NO ACTION,
  CONSTRAINT `style_id` FOREIGN KEY (`style_id`) REFERENCES `station_style` (`station_style_id`) ON DELETE NO ACTION ON UPDATE NO ACTION
) ENGINE=InnoDB AUTO_INCREMENT=142 DEFAULT CHARSET=utf8;
/*!40101 SET character_set_client = @saved_cs_client */;

--
-- Dumping data for table `station`
--

LOCK TABLES `station` WRITE;
/*!40000 ALTER TABLE `station` DISABLE KEYS */;
INSERT INTO `station` VALUES (54,'IRI3','IRI3 Test Station',40.061253,-105.206251,1571.56,'2012-02-12 00:00:00','2015-06-21 23:59:30',NULL,1,1,2,6,4,33,1,'',1,1,4,NULL,'http://www.unavco.org/data/gps-gnss/lib/images/station_images/IRI3.jpg','http://pboshared.unavco.org/timeseries/IRI3_timeseries_cleaned.png'),(115,'OXPE','oxpe_tnet_mx2002',15.8887,-97.0753,73.53,'2005-04-27 22:40:30',NULL,NULL,1,1,2,2,4,34,1,'',NULL,NULL,5,NULL,NULL,NULL),(116,'OXTH','Tehuantepec',16.2863,-95.2408,39,'2007-09-11 23:57:00',NULL,NULL,1,1,2,2,4,35,1,'',NULL,NULL,5,NULL,NULL,NULL),(117,'OXUM','oxum_tnet_mx2001',15.6623,-96.499,79.97,'2013-02-21 22:53:30',NULL,NULL,1,1,2,2,4,36,1,'',NULL,NULL,5,NULL,NULL,NULL),(118,'TNAL','TNAL_TNET_MX2013',19.1187,-98.6552,3992,'2014-08-15 14:30:30',NULL,NULL,1,1,2,1,4,37,1,'',NULL,NULL,5,NULL,NULL,NULL),(119,'TNAM','TNAM_TNET_MX2014',20.5357,-103.9668,1226.78,'2014-09-04 00:00:00',NULL,NULL,1,1,2,2,4,38,1,'',NULL,NULL,5,NULL,NULL,NULL),(120,'TNAT','TNAT_TNET_MX2014',18.1302,-98.0411,1299,'2014-11-14 16:06:45',NULL,NULL,1,1,2,4,4,39,1,'',NULL,NULL,5,NULL,NULL,NULL),(121,'TNBA','TNBA_TNET_MX2014',28.9719,-113.5473,5.8,'2014-11-28 20:37:00',NULL,NULL,1,1,2,7,4,40,1,'',NULL,NULL,5,NULL,NULL,NULL),(122,'TNCM','TNCM_TNET_MX2014',19.4982,-105.0448,86.01,'2014-09-08 17:00:15',NULL,NULL,1,1,2,2,4,41,1,'',NULL,NULL,5,NULL,NULL,NULL),(123,'TNCU','CuauhtemocTN2014',28.4506,-106.794,2110,'2014-07-18 18:06:30',NULL,NULL,1,1,2,2,4,42,1,'',NULL,NULL,5,NULL,NULL,NULL),(124,'TNHM','hermosilloTN2014',29.0813,-110.9703,182.84,'2014-07-16 19:14:30',NULL,NULL,1,1,2,2,4,43,1,'',NULL,NULL,5,NULL,NULL,NULL),(125,'TNMO','tnmo_tnet_mx2008',19.6488,-101.2278,1963.89,'2008-06-13 20:41:05',NULL,NULL,1,1,2,2,4,44,1,'',NULL,NULL,5,NULL,NULL,NULL),(126,'TNMR','TNMR_TNET_MX2014',18.2885,-103.3455,54.52,'2014-09-10 18:04:00',NULL,NULL,1,1,2,2,4,45,1,'',NULL,NULL,5,NULL,NULL,NULL),(127,'TNMS','TNMS_TNET_MX2014',20.5347,-104.7967,1223.88,'2014-09-06 00:00:00',NULL,NULL,1,1,2,2,4,41,1,'',NULL,NULL,5,NULL,NULL,NULL),(128,'TNNX','TNNX_TNET_MX2014',17.4076,-97.2239,2121,'2014-11-15 23:36:30',NULL,NULL,1,1,2,4,4,46,1,'',NULL,NULL,5,NULL,NULL,NULL),(129,'TNPJ','TNPJ_TNET_MX2014',15.7046,-93.2189,67,'2014-11-18 22:12:15',NULL,NULL,1,1,2,2,4,47,1,'40502M001',NULL,NULL,5,NULL,NULL,NULL),(130,'TNPP','TNPP_TNET_MX2015',31.3355,-113.6316,28.48,'2015-02-11 19:05:00',NULL,NULL,1,1,2,4,4,48,1,'',NULL,NULL,5,NULL,NULL,NULL),(131,'TNTB','TNTB_TNET_MX2014',25.6059,-109.0527,75.85,'2015-02-06 00:32:30',NULL,NULL,1,1,2,4,4,49,1,'',NULL,NULL,5,NULL,NULL,NULL),(132,'UAGU','uagu_tnet_mx2008',21.9185,-102.315,1858.8,'2008-04-05 00:00:00',NULL,NULL,1,1,2,2,4,50,1,'',NULL,NULL,5,NULL,NULL,NULL),(133,'UCOE','ucoe_tnet_mx2003',19.8132,-101.6944,1973.38,'2005-10-07 14:35:20',NULL,NULL,1,1,2,1,4,51,1,'',NULL,NULL,5,NULL,NULL,NULL),(134,'UGEO','ugeo_tnet_mx1998',20.6939,-103.35,1531.86,'2000-03-01 00:23:30',NULL,NULL,1,1,2,2,4,52,1,'',NULL,NULL,5,NULL,NULL,NULL),(135,'USMX','Universidad de la Sierra',29.8217,-109.681,625.55,'2004-06-12 16:58:00',NULL,NULL,1,1,2,3,4,43,1,'40537M001',NULL,NULL,5,NULL,NULL,NULL),(136,'UTON','uton_tnet_mx2001',19.0335,-98.3162,2155.36,'2000-04-27 00:07:00',NULL,NULL,1,1,2,2,4,53,1,'',NULL,NULL,5,NULL,NULL,NULL),(137,'UXAL','uxal_tnet_mx2005',19.5164,-96.9248,1360.99,'2005-09-14 23:00:20',NULL,NULL,1,1,2,2,4,54,1,'',NULL,NULL,5,NULL,NULL,NULL),(138,'YESX','Yecora',28.3783,-108.9196,1506.56,'2004-06-13 19:36:00',NULL,NULL,1,1,2,3,4,42,1,'40539M001',NULL,NULL,5,NULL,NULL,NULL);
/*!40000 ALTER TABLE `station` ENABLE KEYS */;
UNLOCK TABLES;

--
-- Table structure for table `station_status`
--

DROP TABLE IF EXISTS `station_status`;
/*!40101 SET @saved_cs_client     = @@character_set_client */;
/*!40101 SET character_set_client = utf8 */;
CREATE TABLE `station_status` (
  `station_status_id` int(3) unsigned NOT NULL AUTO_INCREMENT,
  `station_status` varchar(80) NOT NULL,
  PRIMARY KEY (`station_status_id`)
) ENGINE=InnoDB AUTO_INCREMENT=5 DEFAULT CHARSET=utf8;
/*!40101 SET character_set_client = @saved_cs_client */;

--
-- Dumping data for table `station_status`
--

LOCK TABLES `station_status` WRITE;
/*!40000 ALTER TABLE `station_status` DISABLE KEYS */;
INSERT INTO `station_status` VALUES (1,'Active'),(2,'Inactive/intermittent'),(3,'Retired'),(4,'Pending');
/*!40000 ALTER TABLE `station_status` ENABLE KEYS */;
UNLOCK TABLES;

--
-- Table structure for table `station_style`
--

DROP TABLE IF EXISTS `station_style`;
/*!40101 SET @saved_cs_client     = @@character_set_client */;
/*!40101 SET character_set_client = utf8 */;
CREATE TABLE `station_style` (
  `station_style_id` int(3) unsigned NOT NULL AUTO_INCREMENT,
  `station_style_description` varchar(80) NOT NULL,
  PRIMARY KEY (`station_style_id`)
) ENGINE=InnoDB AUTO_INCREMENT=4 DEFAULT CHARSET=utf8;
/*!40101 SET character_set_client = @saved_cs_client */;

--
-- Dumping data for table `station_style`
--

LOCK TABLES `station_style` WRITE;
/*!40000 ALTER TABLE `station_style` DISABLE KEYS */;
INSERT INTO `station_style` VALUES (1,'GPS/GNSS Continuous'),(2,'GPS/GNSS Campaign'),(3,'GPS/GNSS Mobile');
/*!40000 ALTER TABLE `station_style` ENABLE KEYS */;
UNLOCK TABLES;
/*!40103 SET TIME_ZONE=@OLD_TIME_ZONE */;

/*!40101 SET SQL_MODE=@OLD_SQL_MODE */;
/*!40014 SET FOREIGN_KEY_CHECKS=@OLD_FOREIGN_KEY_CHECKS */;
/*!40014 SET UNIQUE_CHECKS=@OLD_UNIQUE_CHECKS */;
/*!40101 SET CHARACTER_SET_CLIENT=@OLD_CHARACTER_SET_CLIENT */;
/*!40101 SET CHARACTER_SET_RESULTS=@OLD_CHARACTER_SET_RESULTS */;
/*!40101 SET COLLATION_CONNECTION=@OLD_COLLATION_CONNECTION */;
/*!40111 SET SQL_NOTES=@OLD_SQL_NOTES */;

-- Dump completed on 2015-06-26 18:40:24
